#
# There is insufficient memory for the Java Runtime Environment to continue.
# Native memory allocation (mmap) failed to map 10936320 bytes. Error detail: object start array expansion
# Possible reasons:
#   The system is out of physical RAM or swap space
#   This process is running with CompressedOops enabled, and the Java Heap may be blocking the growth of the native heap
# Possible solutions:
#   Reduce memory load on the system
#   Increase physical memory or swap space
#   Check if swap backing store is full
#   Decrease Java heap size (-Xmx/-Xms)
#   Decrease number of Java threads
#   Decrease Java thread stack sizes (-Xss)
#   Set larger code cache with -XX:ReservedCodeCacheSize=
#   JVM is running with Zero Based Compressed Oops mode in which the Java heap is
#     placed in the first 32GB address space. The Java Heap base address is the
#     maximum limit for the native heap growth. Please use -XX:HeapBaseMinAddress
#     to set the Java Heap base and to place the Java Heap above 32GB virtual address.
# This output file may be truncated or incomplete.
#
#  Out of Memory Error (objectStartArray.cpp:105), pid=16660, tid=22228
#
# JRE version: OpenJDK Runtime Environment Temurin-21.0.12.1+1 (21.0.12.1+1) (build 21.0.12.1+1-LTS)
# Java VM: OpenJDK 64-Bit Server VM Temurin-21.0.12.1+1 (21.0.12.1+1-LTS, mixed mode, sharing, tiered, compressed oops, compressed class ptrs, parallel gc, windows-amd64)
# No core dump will be written. Minidumps are not enabled by default on client versions of Windows
#

---------------  S U M M A R Y ------------

Command Line: --add-modules=ALL-SYSTEM --add-opens=java.base/java.util=ALL-UNNAMED --add-opens=java.base/java.lang=ALL-UNNAMED --add-opens=java.base/sun.nio.fs=ALL-UNNAMED -Declipse.application=org.eclipse.jdt.ls.core.id1 -Dosgi.bundles.defaultStartLevel=4 -Declipse.product=org.eclipse.jdt.ls.core.product -Djava.import.generatesMetadataFilesAtProjectRoot=false -Dm2e.project.cache.size=50 -DDetectVMInstallationsJob.disabled=true -Dfile.encoding=utf8 -XX:+UseParallelGC -XX:GCTimeRatio=4 -XX:AdaptiveSizePolicyWeight=90 -Dsun.zip.disableMemoryMapping=true -Xmx8G -Xms100m -Xlog:disable -javaagent:c:\Users\suorv\.vscode\extensions\redhat.java-1.56.0-win32-x64\lombok\lombok-1.18.39-4050.jar -XX:+HeapDumpOnOutOfMemoryError -XX:HeapDumpPath=c:\Users\suorv\AppData\Roaming\Code\User\workspaceStorage\7a0fde8afa5fdd51c9f34c417e899327\redhat.java -Daether.dependencyCollector.impl=bf c:\Users\suorv\.vscode\extensions\redhat.java-1.56.0-win32-x64\server\plugins\org.eclipse.equinox.launcher_1.8.0.v20260804-1928.jar -configuration c:\Users\suorv\AppData\Roaming\Code\User\globalStorage\redhat.java\1.56.0\config_win -data c:\Users\suorv\AppData\Roaming\Code\User\workspaceStorage\7a0fde8afa5fdd51c9f34c417e899327\redhat.java\jdt_ws --pipe=\\.\pipe\lsp-8785697d993bc10995d1588538c53699-sock

Host: AMD Ryzen 5 4500U with Radeon Graphics         , 6 cores, 7G,  Windows 11 , 64 bit Build 26100 (10.0.26100.9549)
Time: Wed Oct  7 15:46:53 2026 Hora est. Pacífico, Sudamérica elapsed time: 4000.293743 seconds (0d 1h 6m 40s)

---------------  T H R E A D  ---------------

Current thread (0x0000026f586c46d0):  JavaThread "Java indexing" daemon [_thread_in_vm, id=22228, stack(0x000000b136a00000,0x000000b136b00000) (1024K)]

Stack: [0x000000b136a00000,0x000000b136b00000]
Native frames: (J=compiled Java code, j=interpreted, Vv=VM code, C=native code)
V  [jvm.dll+0x6d83e9]
V  [jvm.dll+0x8b5736]
V  [jvm.dll+0x8b7cee]
V  [jvm.dll+0x8b83d3]
V  [jvm.dll+0x284596]
V  [jvm.dll+0x6c2654]
V  [jvm.dll+0x70f4c2]
V  [jvm.dll+0x70ef11]
V  [jvm.dll+0x70ee7d]
V  [jvm.dll+0x70eff4]
V  [jvm.dll+0x6e5816]
V  [jvm.dll+0x6e58d9]
V  [jvm.dll+0x6e651e]
V  [jvm.dll+0x667ac0]
V  [jvm.dll+0x2438e2]
V  [jvm.dll+0xd091b]
V  [jvm.dll+0x1a9ae4]
C  0x0000026f76cce4f1

The last pc belongs to new_object_array Runtime1 stub (printed below).
Java frames: (J=compiled Java code, j=interpreted, Vv=VM code)
v  ~RuntimeStub::new_object_array Runtime1 stub 0x0000026f76cce4f1
J 6325 c1 org.eclipse.jdt.internal.compiler.util.HashtableOfObject.<init>(I)V (78 bytes) @ 0x0000026f70255a94 [0x0000026f70255780+0x0000000000000314]
J 16253 c1 org.eclipse.jdt.internal.core.index.DiskIndex.readCategoryTable([CZ)Lorg/eclipse/jdt/internal/compiler/util/HashtableOfObject; (743 bytes) @ 0x0000026f6ff67754 [0x0000026f6ff66fe0+0x0000000000000774]
J 16468 c1 org.eclipse.jdt.internal.core.index.DiskIndex.mergeCategory([CLorg/eclipse/jdt/internal/core/index/DiskIndex;[ILjava/io/OutputStream;)V (301 bytes) @ 0x0000026f6fbaec14 [0x0000026f6fbae980+0x0000000000000294]
j  org.eclipse.jdt.internal.core.index.DiskIndex.mergeCategories(Lorg/eclipse/jdt/internal/core/index/DiskIndex;[ILjava/io/OutputStream;)V+109
j  org.eclipse.jdt.internal.core.index.DiskIndex.mergeWith(Lorg/eclipse/jdt/internal/core/index/MemoryIndex;)Lorg/eclipse/jdt/internal/core/index/DiskIndex;+335
j  org.eclipse.jdt.internal.core.index.Index.save()Z+40
j  org.eclipse.jdt.internal.core.index.MetaIndex.save()V+4
j  org.eclipse.jdt.internal.core.search.indexing.IndexManager.saveMetaIndex()Z+77
j  org.eclipse.jdt.internal.core.search.indexing.IndexManager.saveIndexes()V+271
j  org.eclipse.jdt.internal.core.search.indexing.IndexManager.notifyIdle(J)V+16
j  org.eclipse.jdt.internal.core.search.processing.JobManager.indexerLoop()V+110
j  org.eclipse.jdt.internal.core.search.processing.JobManager$$Lambda+0x0000026f13331270.run()V+4
j  java.lang.Thread.runWith(Ljava/lang/Object;Ljava/lang/Runnable;)V+5 java.base@21.0.12.1
j  java.lang.Thread.run()V+19 java.base@21.0.12.1
v  ~StubRoutines::call_stub 0x0000026f76bd100d
--------------------------------------------------------------------------------
Decoding CodeBlob, name: new_object_array Runtime1 stub, at  [0x0000026f76cce400, 0x0000026f76cce610]  528 bytes
[MachCode]
  0x0000026f76cce400: 5548 8bec | 4881 ec80 | 0000 0048 | 8944 2478 | 4889 4c24 | 7048 8954 | 2468 4889 | 5c24 6048 
  0x0000026f76cce420: 896c 2450 | 4889 7424 | 4848 897c | 2440 4c89 | 4424 384c | 894c 2430 | 4c89 5424 | 284c 895c 
  0x0000026f76cce440: 2420 4c89 | 6424 184c | 896c 2410 | 4c89 7424 | 084c 893c | 2448 81ec | 1004 0000 | c5fb 1144 
  0x0000026f76cce460: 2428 c5fb | 114c 2430 | c5fb 1154 | 2438 c5fb | 115c 2440 | c5fb 1164 | 2448 c5fb | 116c 2450 
  0x0000026f76cce480: c5fb 1174 | 2458 c5fb | 117c 2460 | c57b 1144 | 2468 c57b | 114c 2470 | c57b 1154 | 2478 c57b 
  0x0000026f76cce4a0: 119c 2480 | 0000 00c5 | 7b11 a424 | 8800 0000 | c57b 11ac | 2490 0000 | 00c5 7b11 | b424 9800 
  0x0000026f76cce4c0: 0000 c57b | 11bc 24a0 | 0000 0048 | 8bd2 4c8b | c349 8bcf | c5f8 7749 | 89af b003 | 0000 4989 
  0x0000026f76cce4e0: a7a0 0300 | 0048 b860 | 9a40 91ff | 7f00 00ff | d049 c787 | a003 0000 | 0000 0000 | 49c7 87b0 
  0x0000026f76cce500: 0300 0000 | 0000 0049 | c787 a803 | 0000 0000 | 0000 c5f8 | 7749 837f | 0800 0f84 | 1400 0000 
  0x0000026f76cce520: 498b 4708 | 49c7 87f8 | 0300 0000 | 0000 00e9 | cce0 ffff | 498b 87f8 | 0300 0049 | c787 f803 
  0x0000026f76cce540: 0000 0000 | 0000 c5fb | 1044 2428 | c5fb 104c | 2430 c5fb | 1054 2438 | c5fb 105c | 2440 c5fb 
  0x0000026f76cce560: 1064 2448 | c5fb 106c | 2450 c5fb | 1074 2458 | c5fb 107c | 2460 c57b | 1044 2468 | c57b 104c 
  0x0000026f76cce580: 2470 c57b | 1054 2478 | c57b 109c | 2480 0000 | 00c5 7b10 | a424 8800 | 0000 c57b | 10ac 2490 
  0x0000026f76cce5a0: 0000 00c5 | 7b10 b424 | 9800 0000 | c57b 10bc | 24a0 0000 | 0048 81c4 | 1004 0000 | 4c8b 3c24 
  0x0000026f76cce5c0: 4c8b 7424 | 084c 8b6c | 2410 4c8b | 6424 184c | 8b5c 2420 | 4c8b 5424 | 284c 8b4c | 2430 4c8b 
  0x0000026f76cce5e0: 4424 3848 | 8b7c 2440 | 488b 7424 | 4848 8b6c | 2450 488b | 5c24 6048 | 8b54 2468 | 488b 4c24 
  0x0000026f76cce600: 7048 81c4 | 8000 0000 | c9c3 660f | 1f44 0000 
[/MachCode]
--------------------------------------------------------------------------------


Compiled method (c1) 4001617 6325       2       org.eclipse.jdt.internal.compiler.util.HashtableOfObject::<init> (78 bytes)
 total in heap  [0x0000026f70255590,0x0000026f70255cf0] = 1888
 relocation     [0x0000026f702556f0,0x0000026f70255760] = 112
 constants      [0x0000026f70255760,0x0000026f70255780] = 32
 main code      [0x0000026f70255780,0x0000026f70255b28] = 936
 stub code      [0x0000026f70255b28,0x0000026f70255b90] = 104
 oops           [0x0000026f70255b90,0x0000026f70255b98] = 8
 metadata       [0x0000026f70255b98,0x0000026f70255ba8] = 16
 scopes data    [0x0000026f70255ba8,0x0000026f70255c18] = 112
 scopes pcs     [0x0000026f70255c18,0x0000026f70255cd8] = 192
 dependencies   [0x0000026f70255cd8,0x0000026f70255ce0] = 8
 nul chk table  [0x0000026f70255ce0,0x0000026f70255cf0] = 16


[Constant Pool]
             Address          hex4                    hex8      
  0x0000026f70255760:   0x3fe00000      0xf4f4f4f43fe00000      
  0x0000026f70255764:   0xf4f4f4f4                              
  0x0000026f70255768:   0xf4f4f4f4      0xf4f4f4f4f4f4f4f4      
  0x0000026f7025576c:   0xf4f4f4f4                              
  0x0000026f70255770:   0xf4f4f4f4      0xf4f4f4f4f4f4f4f4      
  0x0000026f70255774:   0xf4f4f4f4                              
  0x0000026f70255778:   0xf4f4f4f4      0xf4f4f4f4f4f4f4f4      
  0x0000026f7025577c:   0xf4f4f4f4                              

[MachCode]
[Entry Point]
  # {method} {0x0000026f5667f020} '<init>' '(I)V' in 'org/eclipse/jdt/internal/compiler/util/HashtableOfObject'
  # this:     rdx:rdx   = 'org/eclipse/jdt/internal/compiler/util/HashtableOfObject'
  # parm0:    r8        = int
  #           [sp+0x50]  (sp of caller)
  0x0000026f70255780: ;   {no_reloc}
  0x0000026f70255780: 448b 5208 | 49bb 0000 | 0012 6f02 | 0000 4d03 | d34c 3bd0 

  0x0000026f70255794: ;   {runtime_call ic_miss_stub}
  0x0000026f70255794: 0f85 e68c | 9c06 660f | 1f44 0000 
[Verified Entry Point]
  0x0000026f702557a0: 8984 2400 | 80ff ff55 | 4883 ec40 | 4181 7f20 | 0500 0000 

  0x0000026f702557b4: ;   {runtime_call StubRoutines (final stubs)}
  0x0000026f702557b4: 7405 e825 | 329b 0648 | bef8 fe67 | 566f 0200 | 008b 7e08 | 83c7 0289 | 7e08 81e7 | fe0f 0000 
  0x0000026f702557d4: 85ff 0f84 | 9202 0000 | 4585 c00f | 8cda 0100 | 0044 8942 | 10c4 c17a 

  0x0000026f702557ec: ;   {section_word}
  0x0000026f702557ec: 2ac0 c5fa | 5905 6aff | ffff c5fa | 2cf0 81fe | 0000 0080 | 750f 4883 | ec08 c5fa 

  0x0000026f70255808: ;   {runtime_call StubRoutines (initial stubs)}
  0x0000026f70255808: 1104 24e8 | fab8 9706 | 5e44 3bc6 | 0f85 0200 | 0000 ffc6 | 83fe 010f | 8c17 0000 | 0081 fefd 
  0x0000026f70255828: ffff 7f0f | 8f0b 0000 | 004c 8bc6 | 4c8b cae9 | 2000 0000 | 4889 5424 | 2849 8bd0 

  0x0000026f70255844: ;   {static_call}
  0x0000026f70255844: 6666 90e8 

  0x0000026f70255848: ; ImmutableOopMap {[40]=Oop }
                      ;*invokestatic calculateNewSize {reexecute=0 rethrow=0 return_oop=0}
                      ; - org.eclipse.jdt.internal.compiler.util.HashtableOfObject::<init>@57 (line 54)
  0x0000026f70255848: 3495 9c06 

  0x0000026f7025584c: ;   {other}
  0x0000026f7025584c: 0f1f 8400 | bc02 0000 | 4c8b c04c | 8b4c 2428 

  0x0000026f7025585c: ;   {metadata({type array char}[])}
  0x0000026f7025585c: 498b d848 | ba70 b70d | 136f 0200 | 0048 63db | 488b fb48 | 81fb ffff | ff00 0f87 | 1302 0000 
  0x0000026f7025587c: 48c7 c617 | 0000 0048 | 8d34 9e48 | 83e6 f849 | 8b87 b801 | 0000 488d | 3430 493b | b7c8 0100 
  0x0000026f7025589c: 000f 87ec | 0100 0049 | 89b7 b801 | 0000 482b | f048 c700 | 0100 0000 | 488b ca49 | ba00 0000 
  0x0000026f702558bc: 126f 0200 | 0049 2bca | 8948 0889 | 580c 4883 | ee10 4885 | f60f 8411 | 0000 0048 | 33db 48c1 
  0x0000026f702558dc: ee03 4889 | 5cf0 0848 | ffce 75f6 | 4c8b d049 | c1ea 0345 | 8951 1449 | 8d19 48c1 | eb09 49bb 
  0x0000026f702558fc: 0000 887b | 6f02 0000 | 42c6 041b | 0049 8bd8 

  0x0000026f7025590c: ;   {metadata('java/lang/Object'[])}
  0x0000026f7025590c: 48ba 7012 | 0012 6f02 | 0000 4863 | db48 8bfb | 4881 fbff | ffff 000f | 8770 0100 | 0048 c7c6 
  0x0000026f7025592c: 1700 0000 | 488d 349e | 4883 e6f8 | 498b 87b8 | 0100 0048 | 8d34 3049 | 3bb7 c801 | 0000 0f87 
  0x0000026f7025594c: 4901 0000 | 4989 b7b8 | 0100 0048 | 2bf0 48c7 | 0001 0000 | 0048 8bca | 49ba 0000 | 0012 6f02 
  0x0000026f7025596c: 0000 492b | ca89 4808 | 8958 0c48 | 83ee 1048 | 85f6 0f84 | 1100 0000 | 4833 db48 | c1ee 0348 
  0x0000026f7025598c: 895c f008 | 48ff ce75 | f64c 8bd0 | 49c1 ea03 | 4589 5118 | 498d 1148 | c1ea 0942 | c604 1a00 
  0x0000026f702559ac: 4883 c440 

  0x0000026f702559b0: ;   {poll_return}
  0x0000026f702559b0: 5d49 3ba7 | 5004 0000 | 0f87 e500 | 0000 c390 

  0x0000026f702559c0: ;   {no_reloc}
  0x0000026f702559c0: e903 0100 | 0000 0000 | 0000 80ba | 3101 0000 | 040f 8500 | 0100 0049 | 8b87 b801 | 0000 488d 
  0x0000026f702559e0: 7828 493b | bfc8 0100 | 000f 87e8 | 0000 0049 | 89bf b801 | 0000 48c7 | 0001 0000 | 0048 8bca 
  0x0000026f70255a00: 49ba 0000 | 0012 6f02 | 0000 492b | ca89 4808 | 4833 c989 | 480c 4833 | c948 8948 | 1048 8948 
  0x0000026f70255a20: 1848 8948 | 2066 6690 

  0x0000026f70255a28: ;   {no_reloc}
  0x0000026f70255a28: e9c6 0000 | 0090 9090 | 9090 498b | d04c 8bc6 | 4889 4424 

  0x0000026f70255a3c: ;   {static_call}
  0x0000026f70255a3c: 3066 90e8 

  0x0000026f70255a40: ; ImmutableOopMap {[48]=Oop }
                      ;*invokedynamic {reexecute=0 rethrow=0 return_oop=0}
                      ; - org.eclipse.jdt.internal.compiler.util.HashtableOfObject::<init>@13 (line 45)
  0x0000026f70255a40: 3c93 9c06 

  0x0000026f70255a44: ;   {other}
  0x0000026f70255a44: 0f1f 8400 | b404 0001 | 4c8b c048 | 8b54 2430 

  0x0000026f70255a54: ;   {optimized virtual_call}
  0x0000026f70255a54: 6666 90e8 

  0x0000026f70255a58: ; ImmutableOopMap {[48]=Oop }
                      ;*invokespecial <init> {reexecute=0 rethrow=0 return_oop=0}
                      ; - org.eclipse.jdt.internal.compiler.util.HashtableOfObject::<init>@18 (line 45)
  0x0000026f70255a58: 248d 9c06 

  0x0000026f70255a5c: ;   {other}
  0x0000026f70255a5c: 0f1f 8400 | cc04 0002 | 488b 4424 | 30e9 ac00 

  0x0000026f70255a6c: ;   {metadata({method} {0x0000026f5667f020} '<init>' '(I)V' in 'org/eclipse/jdt/internal/compiler/util/HashtableOfObject')}
  0x0000026f70255a6c: 0000 49ba | 18f0 6756 | 6f02 0000 | 4c89 5424 | 0848 c704 | 24ff ffff 

  0x0000026f70255a84: ;   {runtime_call counter_overflow Runtime1 stub}
  0x0000026f70255a84: ffe8 76c8 

  0x0000026f70255a88: ; ImmutableOopMap {rdx=Oop }
                      ;*synchronization entry
                      ; - org.eclipse.jdt.internal.compiler.util.HashtableOfObject::<init>@-1 (line 43)
  0x0000026f70255a88: a706 e94d 

  0x0000026f70255a8c: ;   {runtime_call new_object_array Runtime1 stub}
  0x0000026f70255a8c: fdff ffe8 

  0x0000026f70255a90: ; ImmutableOopMap {r9=Oop }
                      ;*anewarray {reexecute=0 rethrow=0 return_oop=0}
                      ; - org.eclipse.jdt.internal.compiler.util.HashtableOfObject::<init>@63 (line 56)
  0x0000026f70255a90: 6c89 a706 | e94f feff 

  0x0000026f70255a98: ;   {runtime_call new_object_array Runtime1 stub}
  0x0000026f70255a98: ffe8 6289 

  0x0000026f70255a9c: ; ImmutableOopMap {r9=Oop }
                      ;*anewarray {reexecute=0 rethrow=0 return_oop=0}
                      ; - org.eclipse.jdt.internal.compiler.util.HashtableOfObject::<init>@71 (line 57)
  0x0000026f70255a9c: a706 e9f2 

  0x0000026f70255aa0: ;   {internal_word}
  0x0000026f70255aa0: feff ff49 | bab1 5925 | 706f 0200 | 004d 8997 | 6804 0000 

  0x0000026f70255ab4: ;   {runtime_call SafepointBlob}
  0x0000026f70255ab4: e947 f09c 

  0x0000026f70255ab8: ;   {metadata(nullptr)}
  0x0000026f70255ab8: 0648 ba00 | 0000 0000 | 0000 00b8 | 000f 050a 

  0x0000026f70255ac8: ;   {runtime_call load_klass_patching Runtime1 stub}
  0x0000026f70255ac8: e8b3 b7a7 

  0x0000026f70255acc: ; ImmutableOopMap {}
                      ;*new {reexecute=1 rethrow=0 return_oop=0}
                      ; - (reexecute) org.eclipse.jdt.internal.compiler.util.HashtableOfObject::<init>@8 (line 45)
  0x0000026f70255acc: 06e9 eefe 

  0x0000026f70255ad0: ;   {runtime_call throw_null_pointer_exception Runtime1 stub}
  0x0000026f70255ad0: ffff e829 

  0x0000026f70255ad4: ; ImmutableOopMap {}
                      ;*new {reexecute=0 rethrow=0 return_oop=0}
                      ; - org.eclipse.jdt.internal.compiler.util.HashtableOfObject::<init>@8 (line 45)
  0x0000026f70255ad4: 77a7 0648 

  0x0000026f70255ad8: ;   {runtime_call fast_new_instance_init_check Runtime1 stub}
  0x0000026f70255ad8: 8bd2 e821 

  0x0000026f70255adc: ; ImmutableOopMap {}
                      ;*new {reexecute=0 rethrow=0 return_oop=0}
                      ; - org.eclipse.jdt.internal.compiler.util.HashtableOfObject::<init>@8 (line 45)
  0x0000026f70255adc: 83a7 06e9 | 41ff ffff | 48be 0000 | 0000 0000 | 0000 b800 

  0x0000026f70255af0: ;   {runtime_call load_appendix_patching Runtime1 stub}
  0x0000026f70255af0: 0f05 0ae8 

  0x0000026f70255af4: ; ImmutableOopMap {rax=Oop }
                      ;*invokedynamic {reexecute=1 rethrow=0 return_oop=0}
                      ; - (reexecute) org.eclipse.jdt.internal.compiler.util.HashtableOfObject::<init>@13 (line 45)
  0x0000026f70255af4: 88c0 a706 | e92b ffff | ff49 8b87 | 0005 0000 | 49c7 8700 | 0500 0000 | 0000 0049 | c787 0805 
  0x0000026f70255b14: 0000 0000 | 0000 4883 

  0x0000026f70255b1c: ;   {runtime_call unwind_exception Runtime1 stub}
  0x0000026f70255b1c: c440 5de9 | dc67 a706 | f4f4 f4f4 
[Stub Code]
  0x0000026f70255b28: ;   {no_reloc}
  0x0000026f70255b28: 0f1f 4400 

  0x0000026f70255b2c: ;   {static_stub}
  0x0000026f70255b2c: 0048 bb00 | 0000 0000 

  0x0000026f70255b34: ;   {runtime_call nmethod}
  0x0000026f70255b34: 0000 00e9 | fbff ffff 

  0x0000026f70255b3c: ;   {static_stub}
  0x0000026f70255b3c: 9048 bb00 | 0000 0000 

  0x0000026f70255b44: ;   {runtime_call nmethod}
  0x0000026f70255b44: 0000 00e9 | fbff ffff 

  0x0000026f70255b4c: ;   {static_stub}
  0x0000026f70255b4c: 48bb 0000 | 0000 0000 

  0x0000026f70255b54: ;   {runtime_call nmethod}
  0x0000026f70255b54: 0000 e9fb 

  0x0000026f70255b58: ;   {runtime_call handle_exception_from_callee Runtime1 stub}
  0x0000026f70255b58: ffff ffe8 | a094 a706 

  0x0000026f70255b60: ;   {external_word}
  0x0000026f70255b60: 48b9 5063 | c691 ff7f | 0000 4883 

  0x0000026f70255b6c: ;   {runtime_call}
  0x0000026f70255b6c: e4f0 48b8 | c0c9 8891 | ff7f 0000 

  0x0000026f70255b78: ;   {section_word}
  0x0000026f70255b78: ffd0 f449 | ba7b 5b25 | 706f 0200 

  0x0000026f70255b84: ;   {runtime_call DeoptimizationBlob}
  0x0000026f70255b84: 0041 52e9 | 14e2 9c06 | f4f4 f4f4 
[/MachCode]


Compiled method (c1) 4001695 16253  s!   3       org.eclipse.jdt.internal.core.index.DiskIndex::readCategoryTable (743 bytes)
 total in heap  [0x0000026f6ff66990,0x0000026f6ff6cbe8] = 25176
 relocation     [0x0000026f6ff66af0,0x0000026f6ff66fc8] = 1240
 main code      [0x0000026f6ff66fe0,0x0000026f6ff6ab98] = 15288
 stub code      [0x0000026f6ff6ab98,0x0000026f6ff6ada8] = 528
 oops           [0x0000026f6ff6ada8,0x0000026f6ff6adb8] = 16
 metadata       [0x0000026f6ff6adb8,0x0000026f6ff6ae38] = 128
 scopes data    [0x0000026f6ff6ae38,0x0000026f6ff6bc00] = 3528
 scopes pcs     [0x0000026f6ff6bc00,0x0000026f6ff6c370] = 1904
 dependencies   [0x0000026f6ff6c370,0x0000026f6ff6c398] = 40
 handler table  [0x0000026f6ff6c398,0x0000026f6ff6cad0] = 1848
 nul chk table  [0x0000026f6ff6cad0,0x0000026f6ff6cbe8] = 280

[Constant Pool (empty)]

[MachCode]
[Entry Point]
  # {method} {0x0000026f56676748} 'readCategoryTable' '([CZ)Lorg/eclipse/jdt/internal/compiler/util/HashtableOfObject;' in 'org/eclipse/jdt/internal/core/index/DiskIndex'
  # this:     rdx:rdx   = 'org/eclipse/jdt/internal/core/index/DiskIndex'
  # parm0:    r8:r8     = '[C'
  # parm1:    r9        = boolean
  #           [sp+0x1f0]  (sp of caller)
  0x0000026f6ff66fe0: 448b 5208 | 49bb 0000 | 0012 6f02 | 0000 4d03 | d34c 3bd0 

  0x0000026f6ff66ff4: ;   {runtime_call ic_miss_stub}
  0x0000026f6ff66ff4: 0f85 8674 | cb06 660f | 1f44 0000 
[Verified Entry Point]
  0x0000026f6ff67000: 8984 2400 | 80ff ff55 | 4881 ece0 | 0100 0090 | 4181 7f20 | 0500 0000 

  0x0000026f6ff67018: ;   {runtime_call StubRoutines (final stubs)}
  0x0000026f6ff67018: 7405 e8c1 | 19ca 0648 | 8994 2488 | 0000 0044 | 898c 2498 | 0000 0048 | 8db4 24c0 | 0100 0048 
  0x0000026f6ff67038: 8956 0848 | 8b02 4883 | c801 4889 | 06f0 480f | b132 0f84 | 1200 0000 | 482b c448 | 2507 f0ff 
  0x0000026f6ff67058: ff48 8906 | 0f85 382b | 0000 49ff | 8750 0500 

  0x0000026f6ff67068: ;   {metadata(method data for {method} {0x0000026f56676748} 'readCategoryTable' '([CZ)Lorg/eclipse/jdt/internal/compiler/util/HashtableOfObject;' in 'org/eclipse/jdt/internal/core/index/DiskIndex')}
  0x0000026f6ff67068: 0048 bec0 | 1498 566f | 0200 008b | becc 0000 | 0083 c702 | 89be cc00 | 0000 81e7 | fe07 0000 
  0x0000026f6ff67088: 85ff 0f84 | 1d2b 0000 | 8b72 3c48 | c1e6 0348 | 3b06 488b 

  0x0000026f6ff6709c: ;   {metadata(method data for {method} {0x0000026f56676748} 'readCategoryTable' '([CZ)Lorg/eclipse/jdt/internal/compiler/util/HashtableOfObject;' in 'org/eclipse/jdt/internal/core/index/DiskIndex')}
  0x0000026f6ff6709c: fe48 bbc0 | 1498 566f | 0200 0048 | 8383 1001 | 0000 0149 | 8bf8 4c8b | c748 8bd6 | 4889 bc24 
  0x0000026f6ff670bc: 9000 0000 | 0f1f 8000 

  0x0000026f6ff670c4: ;   {optimized virtual_call}
  0x0000026f6ff670c4: 0000 00e8 

  0x0000026f6ff670c8: ; ImmutableOopMap {[136]=Oop [144]=Oop [456]=Oop }
                      ;*invokevirtual get {reexecute=0 rethrow=0 return_oop=0}
                      ; - org.eclipse.jdt.internal.core.index.DiskIndex::readCategoryTable@5 (line 660)
  0x0000026f6ff670c8: 1f3c 0000 

  0x0000026f6ff670cc: ;   {other}
  0x0000026f6ff670cc: 0f1f 8400 | 3c07 0000 | 8984 249c | 0000 003d | 0000 0080 

  0x0000026f6ff670e0: ;   {metadata(method data for {method} {0x0000026f56676748} 'readCategoryTable' '([CZ)Lorg/eclipse/jdt/internal/compiler/util/HashtableOfObject;' in 'org/eclipse/jdt/internal/core/index/DiskIndex')}
  0x0000026f6ff670e0: 48ba c014 | 9856 6f02 | 0000 48c7 | c658 0100 | 0074 0748 | c7c6 4801 | 0000 488b | 3c32 488d 
  0x0000026f6ff67100: 7f01 4889 | 3c32 0f84 | e317 0000 | 488b 9424 | 8800 0000 | 8b72 4848 | c1e6 0348 

  0x0000026f6ff6711c: ;   {metadata(method data for {method} {0x0000026f56676748} 'readCategoryTable' '([CZ)Lorg/eclipse/jdt/internal/compiler/util/HashtableOfObject;' in 'org/eclipse/jdt/internal/core/index/DiskIndex')}
  0x0000026f6ff6711c: 85f6 48bf | c014 9856 | 6f02 0000 | 48c7 c168 | 0100 0075 | 0748 c7c1 | 7801 0000 | 4c8b 040f 
  0x0000026f6ff6713c: 4d8d 4001 | 4c89 040f | 0f85 d100 

  0x0000026f6ff67148: ;   {metadata('org/eclipse/jdt/internal/compiler/util/HashtableOfObject')}
  0x0000026f6ff67148: 0000 48ba | e00b 4e13 | 6f02 0000 | 498b 87b8 | 0100 0048 | 8d78 2049 | 3bbf c801 | 0000 0f87 
  0x0000026f6ff67168: 672a 0000 | 4989 bfb8 | 0100 0048 | c700 0100 | 0000 488b | ca49 ba00 | 0000 126f | 0200 0049 
  0x0000026f6ff67188: 2bca 8948 | 0848 33c9 | 8948 0c48 | 33c9 4889 | 4810 4889 | 4818 4c8b 

  0x0000026f6ff671a0: ;   {metadata(method data for {method} {0x0000026f56676748} 'readCategoryTable' '([CZ)Lorg/eclipse/jdt/internal/compiler/util/HashtableOfObject;' in 'org/eclipse/jdt/internal/core/index/DiskIndex')}
  0x0000026f6ff671a0: c048 bac0 | 1498 566f | 0200 0048 | 8382 8801 | 0000 0141 | b803 0000 | 0048 8bd0 | 4889 8424 
  0x0000026f6ff671c0: a000 0000 

  0x0000026f6ff671c4: ;   {optimized virtual_call}
  0x0000026f6ff671c4: 6666 90e8 

  0x0000026f6ff671c8: ; ImmutableOopMap {[136]=Oop [144]=Oop [160]=Oop [456]=Oop }
                      ;*invokespecial <init> {reexecute=0 rethrow=0 return_oop=0}
                      ; - org.eclipse.jdt.internal.core.index.DiskIndex::readCategoryTable@31 (line 666)
  0x0000026f6ff671c8: d4e5 2e00 

  0x0000026f6ff671cc: ;   {other}
  0x0000026f6ff671cc: 0f1f 8400 | 3c08 0001 | 488b 8424 | a000 0000 | 488b 9424 | 8800 0000 | 4c8b d049 | c1ea 0344 
  0x0000026f6ff671ec: 8952 484c | 8d02 49c1 | e809 48be | 0000 887b | 6f02 0000 | 41c6 0430 

  0x0000026f6ff67204: ;   {metadata(method data for {method} {0x0000026f56676748} 'readCategoryTable' '([CZ)Lorg/eclipse/jdt/internal/compiler/util/HashtableOfObject;' in 'org/eclipse/jdt/internal/core/index/DiskIndex')}
  0x0000026f6ff67204: 0049 b8c0 | 1498 566f | 0200 0041 | ff80 9801 | 0000 e95a | 0100 0048 | 3b06 4c8b 

  0x0000026f6ff67220: ;   {metadata(method data for {method} {0x0000026f56676748} 'readCategoryTable' '([CZ)Lorg/eclipse/jdt/internal/compiler/util/HashtableOfObject;' in 'org/eclipse/jdt/internal/core/index/DiskIndex')}
  0x0000026f6ff67220: c648 bfc0 | 1498 566f | 0200 0048 | 8387 b001 | 0000 014c | 8b84 2490 | 0000 0048 

  0x0000026f6ff6723c: ;   {optimized virtual_call}
  0x0000026f6ff6723c: 8bd6 90e8 

  0x0000026f6ff67240: ; ImmutableOopMap {[136]=Oop [144]=Oop [456]=Oop }
                      ;*invokevirtual get {reexecute=0 rethrow=0 return_oop=0}
                      ; - org.eclipse.jdt.internal.core.index.DiskIndex::readCategoryTable@45 (line 668)
  0x0000026f6ff67240: 3c31 dc07 

  0x0000026f6ff67244: ;   {other}
  0x0000026f6ff67244: 0f1f 8400 | b408 0002 | 4885 c075 

  0x0000026f6ff67250: ;   {metadata(method data for {method} {0x0000026f56676748} 'readCategoryTable' '([CZ)Lorg/eclipse/jdt/internal/compiler/util/HashtableOfObject;' in 'org/eclipse/jdt/internal/core/index/DiskIndex')}
  0x0000026f6ff67250: 1648 bac0 | 1498 566f | 0200 0080 | 8ae1 0100 | 0001 e9cc 

  0x0000026f6ff67264: ;   {metadata('org/eclipse/jdt/internal/compiler/util/HashtableOfObject')}
  0x0000026f6ff67264: 0000 0048 | bfe0 0b4e | 136f 0200 | 008b 5808 | 49ba 0000 | 0012 6f02 | 0000 4903 | da48 3bfb 
  0x0000026f6ff67284: 0f85 8d00 

  0x0000026f6ff67288: ;   {metadata(method data for {method} {0x0000026f56676748} 'readCategoryTable' '([CZ)Lorg/eclipse/jdt/internal/compiler/util/HashtableOfObject;' in 'org/eclipse/jdt/internal/core/index/DiskIndex')}
  0x0000026f6ff67288: 0000 48ba | c014 9856 | 6f02 0000 | 8b78 0849 | ba00 0000 | 126f 0200 | 0049 03fa | 483b baf8 
  0x0000026f6ff672a8: 0100 0075 | 0d48 8382 | 0002 0000 | 01e9 7900 | 0000 483b | ba08 0200 | 0075 0d48 | 8382 1002 
  0x0000026f6ff672c8: 0000 01e9 | 6300 0000 | 4883 baf8 | 0100 0000 | 7517 4889 | baf8 0100 | 0048 c782 | 0002 0000 
  0x0000026f6ff672e8: 0100 0000 | e942 0000 | 0048 83ba | 0802 0000 | 0075 1748 | 89ba 0802 | 0000 48c7 | 8210 0200 
  0x0000026f6ff67308: 0001 0000 | 00e9 2100 | 0000 e91c 

  0x0000026f6ff67314: ;   {metadata(method data for {method} {0x0000026f56676748} 'readCategoryTable' '([CZ)Lorg/eclipse/jdt/internal/compiler/util/HashtableOfObject;' in 'org/eclipse/jdt/internal/core/index/DiskIndex')}
  0x0000026f6ff67314: 0000 0048 | bac0 1498 | 566f 0200 | 0048 83aa | e801 0000 | 01e9 b728 | 0000 e900 | 0000 0048 
  0x0000026f6ff67334: 8bf0 4889 | b424 0001 | 0000 4885 

  0x0000026f6ff67340: ;   {metadata(method data for {method} {0x0000026f56676748} 'readCategoryTable' '([CZ)Lorg/eclipse/jdt/internal/compiler/util/HashtableOfObject;' in 'org/eclipse/jdt/internal/core/index/DiskIndex')}
  0x0000026f6ff67340: f648 bbc0 | 1498 566f | 0200 0048 | c7c2 3002 | 0000 7507 | 48c7 c220 | 0200 0048 | 8b3c 1348 
  0x0000026f6ff67360: 8d7f 0148 | 893c 130f | 85b3 0f00 | 0048 8b94 | 2488 0000 

  0x0000026f6ff67374: ;   {oop(a 'java/lang/Class'{0x00000006015d4320} = 'org/eclipse/jdt/internal/core/index/DiskIndex')}
  0x0000026f6ff67374: 0048 bb20 | 435d 0106 | 0000 008b | 9b88 0000 | 004c 8bc2 

  0x0000026f6ff67388: ;   {metadata({type array byte})}
  0x0000026f6ff67388: 48ba 1823 | 0012 6f02 | 0000 4863 | db48 8bfb | 4881 fbff | ffff 000f | 8749 2800 | 0048 c7c6 
  0x0000026f6ff673a8: 1700 0000 | 488d 341e | 4883 e6f8 | 498b 87b8 | 0100 0048 | 8d34 3049 | 3bb7 c801 | 0000 0f87 
  0x0000026f6ff673c8: 2228 0000 | 4989 b7b8 | 0100 0048 | 2bf0 48c7 | 0001 0000 | 0048 8bca | 49ba 0000 | 0012 6f02 
  0x0000026f6ff673e8: 0000 492b | ca89 4808 | 8958 0c48 | 83ee 1048 | 85f6 0f84 | 1100 0000 | 4833 db48 | c1ee 0348 
  0x0000026f6ff67408: 895c f008 | 48ff ce75 | f64c 8bd0 | 49c1 ea03 | 4589 5050 | 498d 1048 | c1ea 0948 | be00 0088 
  0x0000026f6ff67428: 7b6f 0200 | 00c6 0432 | 0041 8b50 | 3448 c1e2 | 0348 3b02 

  0x0000026f6ff6743c: ;   {metadata(method data for {method} {0x0000026f56676748} 'readCategoryTable' '([CZ)Lorg/eclipse/jdt/internal/compiler/util/HashtableOfObject;' in 'org/eclipse/jdt/internal/core/index/DiskIndex')}
  0x0000026f6ff6743c: 488b f248 | bfc0 1498 | 566f 0200 | 008b 7608 | 49ba 0000 | 0012 6f02 | 0000 4903 | f248 3bb7 
  0x0000026f6ff6745c: 7003 0000 | 750d 4883 | 8778 0300 | 0001 e960 | 0000 0048 | 3bb7 8003 | 0000 750d | 4883 8788 
  0x0000026f6ff6747c: 0300 0001 | e94a 0000 | 0048 83bf | 7003 0000 | 0075 1748 | 89b7 7003 | 0000 48c7 | 8778 0300 
  0x0000026f6ff6749c: 0001 0000 | 00e9 2900 | 0000 4883 | bf80 0300 | 0000 7517 | 4889 b780 | 0300 0048 | c787 8803 
  0x0000026f6ff674bc: 0000 0100 | 0000 e908 | 0000 0048 | 8387 6003 | 0000 0166 | 0f1f 4400 | 0048 b858 | f92c 136f 
  0x0000026f6ff674dc: ;   {virtual_call}
  0x0000026f6ff674dc: 0200 00e8 

  0x0000026f6ff674e0: ; ImmutableOopMap {[136]=Oop [144]=Oop [456]=Oop }
                      ;*invokevirtual getInputStream {reexecute=0 rethrow=0 return_oop=0}
                      ; - org.eclipse.jdt.internal.core.index.DiskIndex::readCategoryTable@149 (line 686)
  0x0000026f6ff674e0: 5c99 a2ff 

  0x0000026f6ff674e4: ;   {other}
  0x0000026f6ff674e4: 0f1f 8400 | 540b 0003 | 4889 8424 | a800 0000 | 8bb4 249c | 0000 0048 | 3b00 4c8b 

  0x0000026f6ff67500: ;   {metadata(method data for {method} {0x0000026f56676748} 'readCategoryTable' '([CZ)Lorg/eclipse/jdt/internal/compiler/util/HashtableOfObject;' in 'org/eclipse/jdt/internal/core/index/DiskIndex')}
  0x0000026f6ff67500: c048 bfc0 | 1498 566f | 0200 0045 | 8b40 0849 | ba00 0000 | 126f 0200 | 004d 03c2 | 4c3b 87a8 
  0x0000026f6ff67520: 0300 0075 | 0d48 8387 | b003 0000 | 01e9 6000 | 0000 4c3b | 87b8 0300 | 0075 0d48 | 8387 c003 
  0x0000026f6ff67540: 0000 01e9 | 4a00 0000 | 4883 bfa8 | 0300 0000 | 7517 4c89 | 87a8 0300 | 0048 c787 | b003 0000 
  0x0000026f6ff67560: 0100 0000 | e929 0000 | 0048 83bf | b803 0000 | 0075 174c | 8987 b803 | 0000 48c7 | 87c0 0300 
  0x0000026f6ff67580: 0001 0000 | 00e9 0800 | 0000 4883 | 8798 0300 | 0001 4c63 | c648 8bd0 | 0f1f 4400 | 0048 b840 
  0x0000026f6ff675a0: 1a01 126f 

  0x0000026f6ff675a4: ;   {virtual_call}
  0x0000026f6ff675a4: 0200 00e8 

  0x0000026f6ff675a8: ; ImmutableOopMap {[136]=Oop [144]=Oop [168]=Oop [456]=Oop }
                      ;*invokevirtual skip {reexecute=0 rethrow=0 return_oop=0}
                      ; - org.eclipse.jdt.internal.core.index.DiskIndex::readCategoryTable@158 (line 687)
  0x0000026f6ff675a8: b44c 87ff 

  0x0000026f6ff675ac: ;   {other}
  0x0000026f6ff675ac: 0f1f 8400 | 1c0c 0004 | 488b 9424 | 8800 0000 | c742 2400 | 0000 0044 | 8b42 5049 | c1e0 0341 
  0x0000026f6ff675cc: 8b78 0c48 | 8b84 24a8 

  0x0000026f6ff675d4: ;   {metadata(method data for {method} {0x0000026f56676748} 'readCategoryTable' '([CZ)Lorg/eclipse/jdt/internal/compiler/util/HashtableOfObject;' in 'org/eclipse/jdt/internal/core/index/DiskIndex')}
  0x0000026f6ff675d4: 0000 0049 | b9c0 1498 | 566f 0200 | 008b 4008 | 49ba 0000 | 0012 6f02 | 0000 4903 | c249 3b81 
  0x0000026f6ff675f4: e003 0000 | 750d 4983 | 81e8 0300 | 0001 e960 | 0000 0049 | 3b81 f003 | 0000 750d | 4983 81f8 
  0x0000026f6ff67614: 0300 0001 | e94a 0000 | 0049 83b9 | e003 0000 | 0075 1749 | 8981 e003 | 0000 49c7 | 81e8 0300 
  0x0000026f6ff67634: 0001 0000 | 00e9 2900 | 0000 4983 | b9f0 0300 | 0000 7517 | 4989 81f0 | 0300 0049 | c781 f803 
  0x0000026f6ff67654: 0000 0100 | 0000 e908 | 0000 0049 | 8381 d003 | 0000 0141 | b900 0000 | 0048 8b94 | 24a8 0000 
  0x0000026f6ff67674: 0048 b840 | 1a01 126f 

  0x0000026f6ff6767c: ;   {virtual_call}
  0x0000026f6ff6767c: 0200 00e8 

  0x0000026f6ff67680: ; ImmutableOopMap {[136]=Oop [144]=Oop [168]=Oop [456]=Oop }
                      ;*invokevirtual read {reexecute=0 rethrow=0 return_oop=0}
                      ; - org.eclipse.jdt.internal.core.index.DiskIndex::readCategoryTable@180 (line 689)
  0x0000026f6ff67680: 3c25 8107 

  0x0000026f6ff67684: ;   {other}
  0x0000026f6ff67684: 0f1f 8400 | f40c 0005 | 488b 9424 | 8800 0000 | 8942 284c 

  0x0000026f6ff67698: ;   {metadata(method data for {method} {0x0000026f56676748} 'readCategoryTable' '([CZ)Lorg/eclipse/jdt/internal/compiler/util/HashtableOfObject;' in 'org/eclipse/jdt/internal/core/index/DiskIndex')}
  0x0000026f6ff67698: 8bc2 48be | c014 9856 | 6f02 0000 | 4883 8608 | 0400 0001 | 4c8b 8424 | a800 0000 | 488b f248 
  0x0000026f6ff676b8: 8bd6 0f1f 

  0x0000026f6ff676bc: ;   {optimized virtual_call}
  0x0000026f6ff676bc: 4400 00e8 

  0x0000026f6ff676c0: ; ImmutableOopMap {[136]=Oop [144]=Oop [168]=Oop [456]=Oop }
                      ;*invokevirtual readStreamInt {reexecute=0 rethrow=0 return_oop=0}
                      ; - org.eclipse.jdt.internal.core.index.DiskIndex::readCategoryTable@189 (line 690)
  0x0000026f6ff676c0: fce4 4807 

  0x0000026f6ff676c4: ;   {other}
  0x0000026f6ff676c4: 0f1f 8400 | 340d 0006 | 8984 24b0 

  0x0000026f6ff676d0: ;   {metadata('org/eclipse/jdt/internal/compiler/util/HashtableOfObject')}
  0x0000026f6ff676d0: 0000 0048 | bae0 0b4e | 136f 0200 | 0048 8bd8 | 498b 87b8 | 0100 0048 | 8d78 2049 | 3bbf c801 
  0x0000026f6ff676f0: 0000 0f87 | 0f25 0000 | 4989 bfb8 | 0100 0048 | c700 0100 | 0000 488b | ca49 ba00 | 0000 126f 
  0x0000026f6ff67710: 0200 0049 | 2bca 8948 | 0848 33c9 | 8948 0c48 | 33c9 4889 | 4810 4889 | 4818 4889 | 8424 b800 
  0x0000026f6ff67730: 0000 4c8b 

  0x0000026f6ff67734: ;   {metadata(method data for {method} {0x0000026f56676748} 'readCategoryTable' '([CZ)Lorg/eclipse/jdt/internal/compiler/util/HashtableOfObject;' in 'org/eclipse/jdt/internal/core/index/DiskIndex')}
  0x0000026f6ff67734: c048 bac0 | 1498 566f | 0200 0048 | 8382 4004 | 0000 014c | 8bc3 488b 

  0x0000026f6ff6774c: ;   {optimized virtual_call}
  0x0000026f6ff6774c: d066 90e8 

  0x0000026f6ff67750: ; ImmutableOopMap {[136]=Oop [144]=Oop [168]=Oop [184]=Oop [456]=Oop }
                      ;*invokespecial <init> {reexecute=0 rethrow=0 return_oop=0}
                      ; - org.eclipse.jdt.internal.core.index.DiskIndex::readCategoryTable@200 (line 692)
  0x0000026f6ff67750: 4ce0 2e00 

  0x0000026f6ff67754: ;   {other}
  0x0000026f6ff67754: 0f1f 8400 | c40d 0007 

  0x0000026f6ff6775c: ;   {metadata(method data for {method} {0x0000026f56676748} 'readCategoryTable' '([CZ)Lorg/eclipse/jdt/internal/compiler/util/HashtableOfObject;' in 'org/eclipse/jdt/internal/core/index/DiskIndex')}
  0x0000026f6ff6775c: 49b8 c014 | 9856 6f02 | 0000 41ff | 8050 0400 

  0x0000026f6ff6776c: ;   {metadata(method data for {method} {0x0000026f56676748} 'readCategoryTable' '([CZ)Lorg/eclipse/jdt/internal/compiler/util/HashtableOfObject;' in 'org/eclipse/jdt/internal/core/index/DiskIndex')}
  0x0000026f6ff6776c: 0049 b8c0 | 1498 566f | 0200 0041 | ff80 f004 | 0000 be00 | 0000 00bf | ffff ffff | bb00 0000 
  0x0000026f6ff6778c: ;   {oop(nullptr)}
  0x0000026f6ff6778c: 0048 b800 | 0000 0000 | 0000 0089 | bc24 b400 | 0000 899c | 24c0 0000 | 0048 8984 | 24c8 0000 
  0x0000026f6ff677ac: 0066 6690 | 8b84 24b0 | 0000 0048 | 8b94 2488 | 0000 003b | f041 b802 | 0000 007c | 0641 b800 
  0x0000026f6ff677cc: ;   {metadata(method data for {method} {0x0000026f56676748} 'readCategoryTable' '([CZ)Lorg/eclipse/jdt/internal/compiler/util/HashtableOfObject;' in 'org/eclipse/jdt/internal/core/index/DiskIndex')}
  0x0000026f6ff677cc: 0000 0049 | bec0 1498 | 566f 0200 | 0041 8bbe | d000 0000 | 4103 f841 | 89be d000 | 0000 4585 
  0x0000026f6ff677ec: c075 05bf | 0200 0000 | 81e7 fe3f | 0000 85ff | 0f84 1224 | 0000 4d8b | 9758 0400 

  0x0000026f6ff67808: ; ImmutableOopMap {rdx=Oop [136]=Oop [144]=Oop [168]=Oop [184]=Oop [200]=Oop [456]=Oop }
                      ;*if_icmplt {reexecute=1 rethrow=0 return_oop=0}
                      ; - (reexecute) org.eclipse.jdt.internal.core.index.DiskIndex::readCategoryTable@387 (line 701)
                      ;   {poll}
  0x0000026f6ff67808: 0041 8502 

  0x0000026f6ff6780c: ;   {metadata(method data for {method} {0x0000026f56676748} 'readCategoryTable' '([CZ)Lorg/eclipse/jdt/internal/compiler/util/HashtableOfObject;' in 'org/eclipse/jdt/internal/core/index/DiskIndex')}
  0x0000026f6ff6780c: 3bf0 49b8 | c014 9856 | 6f02 0000 | 48c7 c7b8 | 0700 007d | 0748 c7c7 | a807 0000 | 4d8b 3438 
  0x0000026f6ff6782c: 4d8d 7601 | 4d89 3438 | 0f8d d707 | 0000 89b4 | 24c4 0000 | 0048 8b84 | 24a8 0000 | 004c 8bc2 
  0x0000026f6ff6784c: ;   {metadata(method data for {method} {0x0000026f56676748} 'readCategoryTable' '([CZ)Lorg/eclipse/jdt/internal/compiler/util/HashtableOfObject;' in 'org/eclipse/jdt/internal/core/index/DiskIndex')}
  0x0000026f6ff6784c: 49be c014 | 9856 6f02 | 0000 4983 | 8608 0500 | 0001 4c8b | c048 8bf2 

  0x0000026f6ff67864: ;   {optimized virtual_call}
  0x0000026f6ff67864: 488b d6e8 

  0x0000026f6ff67868: ; ImmutableOopMap {[136]=Oop [144]=Oop [168]=Oop [184]=Oop [200]=Oop [456]=Oop }
                      ;*invokevirtual readStreamChars {reexecute=0 rethrow=0 return_oop=0}
                      ; - org.eclipse.jdt.internal.core.index.DiskIndex::readCategoryTable@263 (line 702)
  0x0000026f6ff67868: d498 e207 

  0x0000026f6ff6786c: ;   {other}
  0x0000026f6ff6786c: 0f1f 8400 | dc0e 0009 | 488b 9424 | 8800 0000 

  0x0000026f6ff6787c: ;   {metadata(method data for {method} {0x0000026f56676748} 'readCategoryTable' '([CZ)Lorg/eclipse/jdt/internal/compiler/util/HashtableOfObject;' in 'org/eclipse/jdt/internal/core/index/DiskIndex')}
  0x0000026f6ff6787c: 49b8 c014 | 9856 6f02 | 0000 4983 | 8040 0500 | 0001 4c8b | 8424 a800 | 0000 488b | 9424 8800 
  0x0000026f6ff6789c: 0000 4889 | 8424 d000 

  0x0000026f6ff678a4: ;   {optimized virtual_call}
  0x0000026f6ff678a4: 0000 90e8 

  0x0000026f6ff678a8: ; ImmutableOopMap {[136]=Oop [144]=Oop [168]=Oop [184]=Oop [200]=Oop [208]=Oop [456]=Oop }
                      ;*invokevirtual readStreamInt {reexecute=0 rethrow=0 return_oop=0}
                      ; - org.eclipse.jdt.internal.core.index.DiskIndex::readCategoryTable@271 (line 703)
  0x0000026f6ff678a8: 14e3 4807 

  0x0000026f6ff678ac: ;   {other}
  0x0000026f6ff678ac: 0f1f 8400 | 1c0f 000a | 4c8b c845 

  0x0000026f6ff678b8: ;   {metadata(method data for {method} {0x0000026f56676748} 'readCategoryTable' '([CZ)Lorg/eclipse/jdt/internal/compiler/util/HashtableOfObject;' in 'org/eclipse/jdt/internal/core/index/DiskIndex')}
  0x0000026f6ff678b8: 85c9 48bb | c014 9856 | 6f02 0000 | 48c7 c278 | 0500 007f | 0748 c7c2 | 8805 0000 | 488b 3413 
  0x0000026f6ff678d8: 488d 7601 | 4889 3413 | 0f8f 0201 | 0000 bb01 

  0x0000026f6ff678e8: ;   {metadata({type array int})}
  0x0000026f6ff678e8: 0000 0048 | ba08 2700 | 126f 0200 | 0048 63db | 488b fb48 | 81fb ffff | ff00 0f87 | 2d23 0000 
  0x0000026f6ff67908: 48c7 c617 | 0000 0048 | 8d34 9e48 | 83e6 f849 | 8b87 b801 | 0000 488d | 3430 493b | b7c8 0100 
  0x0000026f6ff67928: 000f 8706 | 2300 0049 | 89b7 b801 | 0000 482b | f048 c700 | 0100 0000 | 488b ca49 | ba00 0000 
  0x0000026f6ff67948: 126f 0200 | 0049 2bca | 8948 0889 | 580c 4883 | ee10 4885 | f60f 8411 | 0000 0048 | 33db 48c1 
  0x0000026f6ff67968: ee03 4889 | 5cf0 0848 | ffce 75f6 | 41f7 d94d | 8bc1 4489 | 4010 4c8b | 8424 b800 

  0x0000026f6ff67984: ;   {metadata(method data for {method} {0x0000026f56676748} 'readCategoryTable' '([CZ)Lorg/eclipse/jdt/internal/compiler/util/HashtableOfObject;' in 'org/eclipse/jdt/internal/core/index/DiskIndex')}
  0x0000026f6ff67984: 0000 49b9 | c014 9856 | 6f02 0000 | 4983 8198 | 0500 0001 | 4c8b 8424 | d000 0000 | 4c8b c848 
  0x0000026f6ff679a4: 8b94 24b8 | 0000 000f 

  0x0000026f6ff679ac: ;   {optimized virtual_call}
  0x0000026f6ff679ac: 1f40 00e8 

  0x0000026f6ff679b0: ; ImmutableOopMap {[136]=Oop [144]=Oop [168]=Oop [184]=Oop [200]=Oop [456]=Oop }
                      ;*invokevirtual putUnsafely {reexecute=0 rethrow=0 return_oop=0}
                      ; - org.eclipse.jdt.internal.core.index.DiskIndex::readCategoryTable@294 (line 709)
  0x0000026f6ff679b0: 6cb3 2f07 

  0x0000026f6ff679b4: ;   {other}
  0x0000026f6ff679b4: 0f1f 8400 | 2410 000b 

  0x0000026f6ff679bc: ;   {metadata(method data for {method} {0x0000026f56676748} 'readCategoryTable' '([CZ)Lorg/eclipse/jdt/internal/compiler/util/HashtableOfObject;' in 'org/eclipse/jdt/internal/core/index/DiskIndex')}
  0x0000026f6ff679bc: 49b8 c014 | 9856 6f02 | 0000 41ff | 80d0 0500 | 008b bc24 | b400 0000 | 8b9c 24c0 | 0000 0048 
  0x0000026f6ff679dc: 8b84 24c8 | 0000 00e9 | 0206 0000 | 4181 f900 

  0x0000026f6ff679ec: ;   {metadata(method data for {method} {0x0000026f56676748} 'readCategoryTable' '([CZ)Lorg/eclipse/jdt/internal/compiler/util/HashtableOfObject;' in 'org/eclipse/jdt/internal/core/index/DiskIndex')}
  0x0000026f6ff679ec: 0100 0049 | b8c0 1498 | 566f 0200 | 0048 c7c2 | e805 0000 | 7d07 48c7 | c2f8 0500 | 0049 8b34 
  0x0000026f6ff67a0c: 1048 8d76 | 0149 8934 | 1048 8b94 | 2488 0000 | 000f 8d9d 

  0x0000026f6ff67a20: ;   {metadata(method data for {method} {0x0000026f56676748} 'readCategoryTable' '([CZ)Lorg/eclipse/jdt/internal/compiler/util/HashtableOfObject;' in 'org/eclipse/jdt/internal/core/index/DiskIndex')}
  0x0000026f6ff67a20: 0000 0049 | b8c0 1498 | 566f 0200 | 0049 8380 | 0806 0000 | 014c 8b84 | 24a8 0000 | 0048 8b94 
  0x0000026f6ff67a40: 2488 0000 

  0x0000026f6ff67a44: ;   {optimized virtual_call}
  0x0000026f6ff67a44: 0066 90e8 

  0x0000026f6ff67a48: ; ImmutableOopMap {[136]=Oop [144]=Oop [168]=Oop [184]=Oop [200]=Oop [208]=Oop [456]=Oop }
                      ;*invokevirtual readStreamDocumentArray {reexecute=0 rethrow=0 return_oop=0}
                      ; - org.eclipse.jdt.internal.core.index.DiskIndex::readCategoryTable@316 (line 711)
  0x0000026f6ff67a48: 94c3 edff 

  0x0000026f6ff67a4c: ;   {other}
  0x0000026f6ff67a4c: 0f1f 8400 | bc10 000c | 4c8b 8424 | b800 0000 

  0x0000026f6ff67a5c: ;   {metadata(method data for {method} {0x0000026f56676748} 'readCategoryTable' '([CZ)Lorg/eclipse/jdt/internal/compiler/util/HashtableOfObject;' in 'org/eclipse/jdt/internal/core/index/DiskIndex')}
  0x0000026f6ff67a5c: 49b9 c014 | 9856 6f02 | 0000 4983 | 8140 0600 | 0001 4c8b | 8424 d000 | 0000 4c8b | c848 8b94 
  0x0000026f6ff67a7c: 24b8 0000 | 0066 0f1f 

  0x0000026f6ff67a84: ;   {optimized virtual_call}
  0x0000026f6ff67a84: 4400 00e8 

  0x0000026f6ff67a88: ; ImmutableOopMap {[136]=Oop [144]=Oop [168]=Oop [184]=Oop [200]=Oop [456]=Oop }
                      ;*invokevirtual putUnsafely {reexecute=0 rethrow=0 return_oop=0}
                      ; - org.eclipse.jdt.internal.core.index.DiskIndex::readCategoryTable@319 (line 711)
  0x0000026f6ff67a88: 94b2 2f07 

  0x0000026f6ff67a8c: ;   {other}
  0x0000026f6ff67a8c: 0f1f 8400 | fc10 000d 

  0x0000026f6ff67a94: ;   {metadata(method data for {method} {0x0000026f56676748} 'readCategoryTable' '([CZ)Lorg/eclipse/jdt/internal/compiler/util/HashtableOfObject;' in 'org/eclipse/jdt/internal/core/index/DiskIndex')}
  0x0000026f6ff67a94: 49b8 c014 | 9856 6f02 | 0000 41ff | 8078 0600 | 008b bc24 | b400 0000 | 8b9c 24c0 | 0000 0048 
  0x0000026f6ff67ab4: 8b84 24c8 | 0000 00e9 | 2a05 0000 

  0x0000026f6ff67ac0: ;   {metadata(method data for {method} {0x0000026f56676748} 'readCategoryTable' '([CZ)Lorg/eclipse/jdt/internal/compiler/util/HashtableOfObject;' in 'org/eclipse/jdt/internal/core/index/DiskIndex')}
  0x0000026f6ff67ac0: 49b8 c014 | 9856 6f02 | 0000 4983 | 8090 0600 | 0001 4c8b | 8424 a800 | 0000 488b | 9424 8800 
  0x0000026f6ff67ae0: 0000 0f1f 

  0x0000026f6ff67ae4: ;   {optimized virtual_call}
  0x0000026f6ff67ae4: 4400 00e8 

  0x0000026f6ff67ae8: ; ImmutableOopMap {[136]=Oop [144]=Oop [168]=Oop [184]=Oop [200]=Oop [208]=Oop [456]=Oop }
                      ;*invokevirtual readStreamInt {reexecute=0 rethrow=0 return_oop=0}
                      ; - org.eclipse.jdt.internal.core.index.DiskIndex::readCategoryTable@328 (line 713)
  0x0000026f6ff67ae8: 946c cb06 

  0x0000026f6ff67aec: ;   {other}
  0x0000026f6ff67aec: 0f1f 8400 | 5c11 000e | 4c8b c044 | 8b8c 2498 | 0000 0045 

  0x0000026f6ff67b00: ;   {metadata(method data for {method} {0x0000026f56676748} 'readCategoryTable' '([CZ)Lorg/eclipse/jdt/internal/compiler/util/HashtableOfObject;' in 'org/eclipse/jdt/internal/core/index/DiskIndex')}
  0x0000026f6ff67b00: 85c9 48bb | c014 9856 | 6f02 0000 | 48c7 c2d8 | 0600 0075 | 0748 c7c2 | c806 0000 | 488b 3413 
  0x0000026f6ff67b20: 488d 7601 | 4889 3413 | 0f85 2300 | 0000 8bbc | 24b4 0000 | 008b 9c24 | c000 0000 | 488b 8424 
  0x0000026f6ff67b40: c800 0000 | 4c8b 9c24 | d000 0000 | e965 0200 | 0048 8b84 | 24c8 0000 | 0048 85c0 

  0x0000026f6ff67b5c: ;   {metadata(method data for {method} {0x0000026f56676748} 'readCategoryTable' '([CZ)Lorg/eclipse/jdt/internal/compiler/util/HashtableOfObject;' in 'org/eclipse/jdt/internal/core/index/DiskIndex')}
  0x0000026f6ff67b5c: 48bb c014 | 9856 6f02 | 0000 48c7 | c2e8 0600 | 0075 0748 | c7c2 f806 | 0000 488b | 3413 488d 
  0x0000026f6ff67b7c: 7601 4889 | 3413 0f85 | 9300 0000 | 8b9c 24b0 

  0x0000026f6ff67b8c: ;   {metadata({type array char}[])}
  0x0000026f6ff67b8c: 0000 0048 | ba70 b70d | 136f 0200 | 004c 8bd8 | 4863 db48 | 8bfb 4881 | fbff ffff | 000f 8790 
  0x0000026f6ff67bac: 2000 0048 | c7c6 1700 | 0000 488d | 349e 4883 | e6f8 498b | 87b8 0100 | 0048 8d34 | 3049 3bb7 
  0x0000026f6ff67bcc: c801 0000 | 0f87 6920 | 0000 4989 | b7b8 0100 | 0048 2bf0 | 48c7 0001 | 0000 0048 | 8bca 49ba 
  0x0000026f6ff67bec: 0000 0012 | 6f02 0000 | 492b ca89 | 4808 8958 | 0c48 83ee | 1048 85f6 | 0f84 1100 | 0000 4833 
  0x0000026f6ff67c0c: db48 c1ee | 0348 895c | f008 48ff | ce75 f68b | 9c24 c000 | 0000 85db 

  0x0000026f6ff67c24: ;   {metadata(method data for {method} {0x0000026f56676748} 'readCategoryTable' '([CZ)Lorg/eclipse/jdt/internal/compiler/util/HashtableOfObject;' in 'org/eclipse/jdt/internal/core/index/DiskIndex')}
  0x0000026f6ff67c24: 48ba c014 | 9856 6f02 | 0000 48c7 | c618 0700 | 0074 0748 | c7c6 0807 | 0000 488b | 3c32 488d 
  0x0000026f6ff67c44: 7f01 4889 | 3c32 0f84 | 0c00 0000 | 8bbc 24b4 | 0000 00e9 | 0300 0000 | 498b f84c | 8b9c 24d0 
  0x0000026f6ff67c64: 0000 0048 | 8bd3 ffc2 

  0x0000026f6ff67c6c: ; implicit exception: dispatches to 0x0000026f6ff69c49
  0x0000026f6ff67c6c: 3b58 0c0f | 83de 1f00 | 004d 85db 

  0x0000026f6ff67c78: ;   {metadata(method data for {method} {0x0000026f56676748} 'readCategoryTable' '([CZ)Lorg/eclipse/jdt/internal/compiler/util/HashtableOfObject;' in 'org/eclipse/jdt/internal/core/index/DiskIndex')}
  0x0000026f6ff67c78: 7516 48b9 | c014 9856 | 6f02 0000 | 8089 2107 | 0000 01e9 | fc00 0000 

  0x0000026f6ff67c90: ; implicit exception: dispatches to 0x0000026f6ff69c61
  0x0000026f6ff67c90: 8b70 0849 | ba00 0000 | 126f 0200 | 0049 03f2 | 418b 4b08 | 49ba 0000 | 0012 6f02 | 0000 4903 
  0x0000026f6ff67cb0: ca48 8bb6 | e000 0000 | 483b ce0f | 8429 0000 | 0044 8b6e | 144a 3b34 | 290f 841b | 0000 0041 
  0x0000026f6ff67cd0: 83fd 200f | 859c 0000 

  0x0000026f6ff67cd8: ;   {runtime_call slow_subtype_check Runtime1 stub}
  0x0000026f6ff67cd8: 0051 56e8 | 207f d606 | 595e 85f6 | 0f84 8b00 

  0x0000026f6ff67ce8: ;   {metadata(method data for {method} {0x0000026f56676748} 'readCategoryTable' '([CZ)Lorg/eclipse/jdt/internal/compiler/util/HashtableOfObject;' in 'org/eclipse/jdt/internal/core/index/DiskIndex')}
  0x0000026f6ff67ce8: 0000 48b9 | c014 9856 | 6f02 0000 | 418b 7308 | 49ba 0000 | 0012 6f02 | 0000 4903 | f248 3bb1 
  0x0000026f6ff67d08: 3807 0000 | 750d 4883 | 8140 0700 | 0001 e971 | 0000 0048 | 3bb1 4807 | 0000 750d | 4883 8150 
  0x0000026f6ff67d28: 0700 0001 | e95b 0000 | 0048 83b9 | 3807 0000 | 0075 1748 | 89b1 3807 | 0000 48c7 | 8140 0700 
  0x0000026f6ff67d48: 0001 0000 | 00e9 3a00 | 0000 4883 | b948 0700 | 0000 7517 | 4889 b148 | 0700 0048 | c781 5007 
  0x0000026f6ff67d68: 0000 0100 | 0000 e919 | 0000 00eb 

  0x0000026f6ff67d74: ;   {metadata(method data for {method} {0x0000026f56676748} 'readCategoryTable' '([CZ)Lorg/eclipse/jdt/internal/compiler/util/HashtableOfObject;' in 'org/eclipse/jdt/internal/core/index/DiskIndex')}
  0x0000026f6ff67d74: 1748 b9c0 | 1498 566f | 0200 0048 | 83a9 2807 | 0000 01e9 | da1e 0000 | 4863 db48 | 8d74 9810 
  0x0000026f6ff67d94: 4d8b d349 | c1ea 0344 | 8916 488d | 3648 c1ee | 0948 b900 | 0088 7b6f | 0200 00c6 | 040e 0048 
  0x0000026f6ff67db4: ;   {metadata(method data for {method} {0x0000026f56676748} 'readCategoryTable' '([CZ)Lorg/eclipse/jdt/internal/compiler/util/HashtableOfObject;' in 'org/eclipse/jdt/internal/core/index/DiskIndex')}
  0x0000026f6ff67db4: 8bda 48ba | c014 9856 | 6f02 0000 | 4883 8260 | 0700 0001 

  0x0000026f6ff67dc8: ;   {metadata(method data for {method} {0x0000026f124163b0} 'valueOf' '(I)Ljava/lang/Integer;' in 'java/lang/Integer')}
  0x0000026f6ff67dc8: 48ba 6839 | 0a54 6f02 | 0000 8bb2 | cc00 0000 | 83c6 0289 | b2cc 0000 | 0081 e6fe | ff1f 0085 
  0x0000026f6ff67de8: f60f 8480 | 1e00 0041 

  0x0000026f6ff67df0: ;   {metadata(method data for {method} {0x0000026f124163b0} 'valueOf' '(I)Ljava/lang/Integer;' in 'java/lang/Integer')}
  0x0000026f6ff67df0: 83f8 8048 | ba68 390a | 546f 0200 | 0048 c7c6 | 1001 0000 | 7c07 48c7 | c620 0100 | 0048 8b0c 
  0x0000026f6ff67e10: 3248 8d49 | 0148 890c | 320f 8c30 | 0000 0041 

  0x0000026f6ff67e20: ;   {metadata(method data for {method} {0x0000026f124163b0} 'valueOf' '(I)Ljava/lang/Integer;' in 'java/lang/Integer')}
  0x0000026f6ff67e20: 83f8 7f48 | ba68 390a | 546f 0200 | 0048 c7c6 | 4001 0000 | 7e07 48c7 | c630 0100 | 0048 8b0c 
  0x0000026f6ff67e40: 3248 8d49 | 0148 890c | 320f 8e18 | 0100 0089 | bc24 d800 | 0000 4889 | 8424 e000 

  0x0000026f6ff67e5c: ;   {metadata('java/lang/Integer')}
  0x0000026f6ff67e5c: 0000 48ba | d85f 0212 | 6f02 0000 | 498b 87b8 | 0100 0048 | 8d78 1049 | 3bbf c801 | 0000 0f87 
  0x0000026f6ff67e7c: 101e 0000 | 4989 bfb8 | 0100 0048 | c700 0100 | 0000 488b | ca49 ba00 | 0000 126f | 0200 0049 
  0x0000026f6ff67e9c: 2bca 8948 | 0848 33c9 | 8948 0c48 | 33c9 488b 

  0x0000026f6ff67eac: ;   {metadata(method data for {method} {0x0000026f124163b0} 'valueOf' '(I)Ljava/lang/Integer;' in 'java/lang/Integer')}
  0x0000026f6ff67eac: d048 be68 | 390a 546f | 0200 0048 | 8386 5001 

  0x0000026f6ff67ebc: ;   {metadata(method data for {method} {0x0000026f12416b40} '<init>' '(I)V' in 'java/lang/Integer')}
  0x0000026f6ff67ebc: 0000 0148 | baf8 3a0a | 546f 0200 | 008b b2cc | 0000 0083 | c602 89b2 | cc00 0000 | 81e6 feff 
  0x0000026f6ff67edc: 1f00 85f6 | 0f84 b71d | 0000 488b 

  0x0000026f6ff67ee8: ;   {metadata(method data for {method} {0x0000026f12416b40} '<init>' '(I)V' in 'java/lang/Integer')}
  0x0000026f6ff67ee8: d048 bef8 | 3a0a 546f | 0200 0048 | 8386 1001 

  0x0000026f6ff67ef8: ;   {metadata(method data for {method} {0x0000026f124176e8} '<init>' '()V' in 'java/lang/Number')}
  0x0000026f6ff67ef8: 0000 0148 | ba50 3c0a | 546f 0200 | 008b b2cc | 0000 0083 | c602 89b2 | cc00 0000 | 81e6 feff 
  0x0000026f6ff67f18: 1f00 85f6 | 0f84 9c1d | 0000 488b 

  0x0000026f6ff67f24: ;   {metadata(method data for {method} {0x0000026f124176e8} '<init>' '()V' in 'java/lang/Number')}
  0x0000026f6ff67f24: d048 be50 | 3c0a 546f | 0200 0048 | 8386 1001 

  0x0000026f6ff67f34: ;   {metadata(method data for {method} {0x0000026f12474aa8} '<init>' '()V' in 'java/lang/Object')}
  0x0000026f6ff67f34: 0000 0148 | ba90 6700 | 546f 0200 | 008b b2cc | 0000 0083 | c602 89b2 | cc00 0000 | 81e6 feff 
  0x0000026f6ff67f54: 1f00 85f6 | 0f84 811d | 0000 4489 | 400c e92f | 0000 0089 | bc24 d800 | 0000 4889 | 8424 e000 
  0x0000026f6ff67f74: 0000 4181 | c080 0000 

  0x0000026f6ff67f7c: ;   {oop(a 'java/lang/Integer'[256] {0x0000000600002110})}
  0x0000026f6ff67f7c: 0048 ba10 | 2100 0006 | 0000 004d | 63c0 468b | 4482 1049 | c1e0 0349 | 8bc0 899c | 24dc 0000 
  0x0000026f6ff67f9c: 004c 8b84 | 24b8 0000 

  0x0000026f6ff67fa4: ;   {metadata(method data for {method} {0x0000026f56676748} 'readCategoryTable' '([CZ)Lorg/eclipse/jdt/internal/compiler/util/HashtableOfObject;' in 'org/eclipse/jdt/internal/core/index/DiskIndex')}
  0x0000026f6ff67fa4: 0048 bac0 | 1498 566f | 0200 0048 | 8382 7007 | 0000 014d | 8bc3 4c8b | c848 8b94 | 24b8 0000 
  0x0000026f6ff67fc4: ;   {optimized virtual_call}
  0x0000026f6ff67fc4: 0066 90e8 

  0x0000026f6ff67fc8: ; ImmutableOopMap {[136]=Oop [144]=Oop [168]=Oop [184]=Oop [224]=Oop [456]=Oop }
                      ;*invokevirtual putUnsafely {reexecute=0 rethrow=0 return_oop=0}
                      ; - org.eclipse.jdt.internal.core.index.DiskIndex::readCategoryTable@377 (line 721)
  0x0000026f6ff67fc8: b467 cb06 

  0x0000026f6ff67fcc: ;   {other}
  0x0000026f6ff67fcc: 0f1f 8400 | 3c16 000f | 8bbc 24d8 | 0000 008b | 9c24 dc00 | 0000 488b | 8424 e000 | 0000 8bb4 
  0x0000026f6ff67fec: 24c4 0000 | 00ff c64c | 8bd8 89bc | 24b4 0000 | 0089 9c24 | c000 0000 | 4c89 9c24 | c800 0000 
  0x0000026f6ff6800c: e99f f7ff | ff8b 4a48 | 48c1 e103 

  0x0000026f6ff68018: ;   {oop(a 'org/eclipse/jdt/internal/compiler/util/SimpleSetOfCharArray'{0x00000006015d43c0})}
  0x0000026f6ff68018: 49b9 c043 | 5d01 0600 | 0000 4d8b 

  0x0000026f6ff68024: ;   {metadata(method data for {method} {0x0000026f56676748} 'readCategoryTable' '([CZ)Lorg/eclipse/jdt/internal/compiler/util/HashtableOfObject;' in 'org/eclipse/jdt/internal/core/index/DiskIndex')}
  0x0000026f6ff68024: c149 bbc0 | 1498 566f | 0200 0049 | 8383 c807 | 0000 014c | 8b84 2490 | 0000 0049 | 8bd1 4889 
  0x0000026f6ff68044: 8c24 e800 | 0000 0f1f 

  0x0000026f6ff6804c: ;   {optimized virtual_call}
  0x0000026f6ff6804c: 4400 00e8 

  0x0000026f6ff68050: ; ImmutableOopMap {[136]=Oop [144]=Oop [168]=Oop [184]=Oop [200]=Oop [232]=Oop [456]=Oop }
                      ;*invokevirtual get {reexecute=0 rethrow=0 return_oop=0}
                      ; - org.eclipse.jdt.internal.core.index.DiskIndex::readCategoryTable@398 (line 724)
  0x0000026f6ff68050: cc37 2000 

  0x0000026f6ff68054: ;   {other}
  0x0000026f6ff68054: 0f1f 8400 | c416 0010 | 488b 8c24 | e800 0000 

  0x0000026f6ff68064: ; implicit exception: dispatches to 0x0000026f6ff69d05
  0x0000026f6ff68064: 483b 014c 

  0x0000026f6ff68068: ;   {metadata(method data for {method} {0x0000026f56676748} 'readCategoryTable' '([CZ)Lorg/eclipse/jdt/internal/compiler/util/HashtableOfObject;' in 'org/eclipse/jdt/internal/core/index/DiskIndex')}
  0x0000026f6ff68068: 8bc1 49b9 | c014 9856 | 6f02 0000 | 4983 8100 | 0800 0001 | 4c8b c04c | 8b8c 24b8 | 0000 0048 
  0x0000026f6ff68088: 8bd1 0f1f 

  0x0000026f6ff6808c: ;   {optimized virtual_call}
  0x0000026f6ff6808c: 4400 00e8 

  0x0000026f6ff68090: ; ImmutableOopMap {[136]=Oop [144]=Oop [168]=Oop [184]=Oop [200]=Oop [456]=Oop }
                      ;*invokevirtual put {reexecute=0 rethrow=0 return_oop=0}
                      ; - org.eclipse.jdt.internal.core.index.DiskIndex::readCategoryTable@403 (line 724)
  0x0000026f6ff68090: ac2e 4007 

  0x0000026f6ff68094: ;   {other}
  0x0000026f6ff68094: 0f1f 8400 | 0417 0011 | 488b 8424 | b800 0000 | 8b50 0c81 | fa20 4e00 

  0x0000026f6ff680ac: ;   {metadata(method data for {method} {0x0000026f56676748} 'readCategoryTable' '([CZ)Lorg/eclipse/jdt/internal/compiler/util/HashtableOfObject;' in 'org/eclipse/jdt/internal/core/index/DiskIndex')}
  0x0000026f6ff680ac: 0048 bac0 | 1498 566f | 0200 0048 | c7c6 3808 | 0000 7d07 | 48c7 c648 | 0800 0048 | 8b3c 3248 
  0x0000026f6ff680cc: 8d7f 0148 | 893c 320f | 8d1d 0000 | 004c 8b84 | 2490 0000 

  0x0000026f6ff680e0: ;   {metadata(method data for {method} {0x0000026f56676748} 'readCategoryTable' '([CZ)Lorg/eclipse/jdt/internal/compiler/util/HashtableOfObject;' in 'org/eclipse/jdt/internal/core/index/DiskIndex')}
  0x0000026f6ff680e0: 0048 bac0 | 1498 566f | 0200 00ff | 8258 0800 | 00e9 0a00 

  0x0000026f6ff680f4: ;   {oop(nullptr)}
  0x0000026f6ff680f4: 0000 49b8 | 0000 0000 | 0000 0000 | 488b 9424 | 8800 0000 | 4d8b d049 | c1ea 0344 | 8952 4c48 
  0x0000026f6ff68114: 8d32 48c1 | ee09 48bf | 0000 887b | 6f02 0000 | c604 3e00 | 488b b424 | a800 0000 

  0x0000026f6ff68130: ;   {metadata(method data for {method} {0x0000026f56676748} 'readCategoryTable' '([CZ)Lorg/eclipse/jdt/internal/compiler/util/HashtableOfObject;' in 'org/eclipse/jdt/internal/core/index/DiskIndex')}
  0x0000026f6ff68130: 4885 f648 | bfc0 1498 | 566f 0200 | 0048 c7c3 | 7008 0000 | 7407 48c7 | c380 0800 | 0048 8b0c 
  0x0000026f6ff68150: 1f48 8d49 | 0148 890c | 1f0f 84c6 | 0000 0048 

  0x0000026f6ff68160: ;   {metadata(method data for {method} {0x0000026f56676748} 'readCategoryTable' '([CZ)Lorg/eclipse/jdt/internal/compiler/util/HashtableOfObject;' in 'org/eclipse/jdt/internal/core/index/DiskIndex')}
  0x0000026f6ff68160: 8bfe 48bb | c014 9856 | 6f02 0000 | 8b7f 0849 | ba00 0000 | 126f 0200 | 0049 03fa | 483b bba0 
  0x0000026f6ff68180: 0800 0075 | 0d48 8383 | a808 0000 | 01e9 6000 | 0000 483b | bbb0 0800 | 0075 0d48 | 8383 b808 
  0x0000026f6ff681a0: 0000 01e9 | 4a00 0000 | 4883 bba0 | 0800 0000 | 7517 4889 | bba0 0800 | 0048 c783 | a808 0000 
  0x0000026f6ff681c0: 0100 0000 | e929 0000 | 0048 83bb | b008 0000 | 0075 1748 | 89bb b008 | 0000 48c7 | 83b8 0800 
  0x0000026f6ff681e0: 0001 0000 | 00e9 0800 | 0000 4883 | 8390 0800 | 0001 488b | d648 b840 | 1a01 126f 

  0x0000026f6ff681fc: ;   {virtual_call}
  0x0000026f6ff681fc: 0200 00e8 

  0x0000026f6ff68200: ; ImmutableOopMap {[136]=Oop [184]=Oop [200]=Oop [456]=Oop }
                      ;*invokevirtual close {reexecute=0 rethrow=0 return_oop=0}
                      ; - org.eclipse.jdt.internal.core.index.DiskIndex::readCategoryTable@434 (line 728)
  0x0000026f6ff68200: dc72 2e00 

  0x0000026f6ff68204: ;   {other}
  0x0000026f6ff68204: 0f1f 8400 | 7418 0012 

  0x0000026f6ff6820c: ;   {metadata(method data for {method} {0x0000026f56676748} 'readCategoryTable' '([CZ)Lorg/eclipse/jdt/internal/compiler/util/HashtableOfObject;' in 'org/eclipse/jdt/internal/core/index/DiskIndex')}
  0x0000026f6ff6820c: 49b8 c014 | 9856 6f02 | 0000 41ff | 80c8 0800 | 0048 8b94 | 2488 0000 | 0044 8b42 | 3449 c1e0 
  0x0000026f6ff6822c: 0349 3b00 

  0x0000026f6ff68230: ;   {metadata(method data for {method} {0x0000026f56676748} 'readCategoryTable' '([CZ)Lorg/eclipse/jdt/internal/compiler/util/HashtableOfObject;' in 'org/eclipse/jdt/internal/core/index/DiskIndex')}
  0x0000026f6ff68230: 48be c014 | 9856 6f02 | 0000 458b | 4008 49ba | 0000 0012 | 6f02 0000 | 4d03 c24c | 3b86 100a 
  0x0000026f6ff68250: 0000 750d | 4883 8618 | 0a00 0001 | e960 0000 | 004c 3b86 | 200a 0000 | 750d 4883 | 8628 0a00 
  0x0000026f6ff68270: 0001 e94a | 0000 0048 | 83be 100a | 0000 0075 | 174c 8986 | 100a 0000 | 48c7 8618 | 0a00 0001 
  0x0000026f6ff68290: 0000 00e9 | 2900 0000 | 4883 be20 | 0a00 0000 | 7517 4c89 | 8620 0a00 | 0048 c786 | 280a 0000 
  0x0000026f6ff682b0: 0100 0000 | e908 0000 | 0048 8386 | 000a 0000 

  0x0000026f6ff682c0: ;   {metadata(method data for {method} {0x0000026f555127e0} 'close' '()V' in 'org/eclipse/jdt/internal/core/index/IndexLocation')}
  0x0000026f6ff682c0: 0149 b8e0 | 3898 566f | 0200 0041 | 8bb0 cc00 | 0000 83c6 | 0241 89b0 | cc00 0000 | 81e6 feff 
  0x0000026f6ff682e0: 1f00 85f6 | 0f84 251a | 0000 8bbc | 24b4 0000 | 008b 9c24 | c000 0000 | 488b 8424 | c800 0000 
  0x0000026f6ff68300: 4c8b 8424 | b800 0000 

  0x0000026f6ff68308: ;   {metadata(method data for {method} {0x0000026f56676748} 'readCategoryTable' '([CZ)Lorg/eclipse/jdt/internal/compiler/util/HashtableOfObject;' in 'org/eclipse/jdt/internal/core/index/DiskIndex')}
  0x0000026f6ff68308: 48be c014 | 9856 6f02 | 0000 ff86 | 380a 0000 | 498b f0e9 | 3a0e 0000 | 448b 8c24 | 9800 0000 
  0x0000026f6ff68328: 488b 9424 | 8800 0000 

  0x0000026f6ff68330: ;   {metadata(method data for {method} {0x0000026f56676748} 'readCategoryTable' '([CZ)Lorg/eclipse/jdt/internal/compiler/util/HashtableOfObject;' in 'org/eclipse/jdt/internal/core/index/DiskIndex')}
  0x0000026f6ff68330: 4585 c949 | b8c0 1498 | 566f 0200 | 0048 c7c7 | 4002 0000 | 7407 48c7 | c750 0200 | 0049 8b1c 
  0x0000026f6ff68350: 3848 8d5b | 0149 891c | 380f 844d | 0500 008b | 7e18 48c1 | e703 4889 | bc24 f000 | 0000 8b5f 
  0x0000026f6ff68370: 0c89 9c24 | fc00 0000 

  0x0000026f6ff68378: ;   {metadata(method data for {method} {0x0000026f56676748} 'readCategoryTable' '([CZ)Lorg/eclipse/jdt/internal/compiler/util/HashtableOfObject;' in 'org/eclipse/jdt/internal/core/index/DiskIndex')}
  0x0000026f6ff68378: 49b8 c014 | 9856 6f02 | 0000 41ff | 8060 0200 | 00b8 0000 | 0000 e9e4 | 0200 000f | 1f44 0000 
  0x0000026f6ff68398: 4c63 c046 | 8b44 8710 | 49c1 e003 | 4d85 c075 

  0x0000026f6ff683a8: ;   {metadata(method data for {method} {0x0000026f56676748} 'readCategoryTable' '([CZ)Lorg/eclipse/jdt/internal/compiler/util/HashtableOfObject;' in 'org/eclipse/jdt/internal/core/index/DiskIndex')}
  0x0000026f6ff683a8: 1749 bbc0 | 1498 566f | 0200 0041 | 808b 7102 | 0000 01e9 | ce00 0000 

  0x0000026f6ff683c0: ;   {metadata('java/lang/Integer')}
  0x0000026f6ff683c0: 49bd d85f | 0212 6f02 | 0000 458b | 4808 49ba | 0000 0012 | 6f02 0000 | 4d03 ca4d | 3be9 0f85 
  0x0000026f6ff683e0: 8e00 0000 

  0x0000026f6ff683e4: ;   {metadata(method data for {method} {0x0000026f56676748} 'readCategoryTable' '([CZ)Lorg/eclipse/jdt/internal/compiler/util/HashtableOfObject;' in 'org/eclipse/jdt/internal/core/index/DiskIndex')}
  0x0000026f6ff683e4: 49bb c014 | 9856 6f02 | 0000 458b | 6808 49ba | 0000 0012 | 6f02 0000 | 4d03 ea4d | 3bab 8802 
  0x0000026f6ff68404: 0000 750d | 4983 8390 | 0200 0001 | e97e 0000 | 004d 3bab | 9802 0000 | 750d 4983 | 83a0 0200 
  0x0000026f6ff68424: 0001 e968 | 0000 0049 | 83bb 8802 | 0000 0075 | 174d 89ab | 8802 0000 | 49c7 8390 | 0200 0001 
  0x0000026f6ff68444: 0000 00e9 | 4700 0000 | 4983 bb98 | 0200 0000 | 7517 4d89 | ab98 0200 | 0049 c783 | a002 0000 
  0x0000026f6ff68464: 0100 0000 | e926 0000 | 00e9 2100 

  0x0000026f6ff68470: ;   {metadata(method data for {method} {0x0000026f56676748} 'readCategoryTable' '([CZ)Lorg/eclipse/jdt/internal/compiler/util/HashtableOfObject;' in 'org/eclipse/jdt/internal/core/index/DiskIndex')}
  0x0000026f6ff68470: 0000 49bb | c014 9856 | 6f02 0000 | 4983 ab78 | 0200 0001 | e905 0000 | 00e9 0500 | 0000 4833 
  0x0000026f6ff68490: c9eb 0748 | c7c1 0100 | 0000 85c9 

  0x0000026f6ff6849c: ;   {metadata(method data for {method} {0x0000026f56676748} 'readCategoryTable' '([CZ)Lorg/eclipse/jdt/internal/compiler/util/HashtableOfObject;' in 'org/eclipse/jdt/internal/core/index/DiskIndex')}
  0x0000026f6ff6849c: 48b9 c014 | 9856 6f02 | 0000 49c7 | c1c0 0200 | 0075 0749 | c7c1 b002 | 0000 4e8b | 1c09 4d8d 
  0x0000026f6ff684bc: 5b01 4e89 | 1c09 0f85 | 0800 0000 | 488b d0e9 | 8d01 0000 | 8984 24f8 | 0000 0048 

  0x0000026f6ff684d8: ;   {metadata(method data for {method} {0x0000026f56676748} 'readCategoryTable' '([CZ)Lorg/eclipse/jdt/internal/compiler/util/HashtableOfObject;' in 'org/eclipse/jdt/internal/core/index/DiskIndex')}
  0x0000026f6ff684d8: 8bca 49b9 | c014 9856 | 6f02 0000 

  0x0000026f6ff684e4: ;   {metadata('org/eclipse/jdt/internal/core/index/DiskIndex')}
  0x0000026f6ff684e4: 49ba 0040 | 5113 6f02 | 0000 4d89 | 91e0 0200 | 0049 8381 | e802 0000 | 0148 8bca | 488b d10f 
  0x0000026f6ff68504: ;   {optimized virtual_call}
  0x0000026f6ff68504: 1f40 00e8 

  0x0000026f6ff68508: ; ImmutableOopMap {[136]=Oop [240]=Oop [256]=Oop [456]=Oop }
                      ;*invokevirtual readDocumentNumbers {reexecute=0 rethrow=0 return_oop=0}
                      ; - org.eclipse.jdt.internal.core.index.DiskIndex::readCategoryTable@101 (line 674)
  0x0000026f6ff68508: 7462 cb06 

  0x0000026f6ff6850c: ;   {other}
  0x0000026f6ff6850c: 0f1f 8400 | 7c1b 0013 | 488b bc24 | f000 0000 | 4885 c075 

  0x0000026f6ff68520: ;   {metadata(method data for {method} {0x0000026f56676748} 'readCategoryTable' '([CZ)Lorg/eclipse/jdt/internal/compiler/util/HashtableOfObject;' in 'org/eclipse/jdt/internal/core/index/DiskIndex')}
  0x0000026f6ff68520: 1648 bec0 | 1498 566f | 0200 0080 | 8e01 0300 | 0001 e9f8 | 0000 008b | 5708 49ba | 0000 0012 
  0x0000026f6ff68540: 6f02 0000 | 4903 d28b | 7008 49ba | 0000 0012 | 6f02 0000 | 4903 f248 | 8b92 e000 | 0000 483b 
  0x0000026f6ff68560: f20f 8427 | 0000 008b | 5a14 483b | 141e 0f84 | 1a00 0000 | 83fb 200f | 859b 0000 

  0x0000026f6ff6857c: ;   {runtime_call slow_subtype_check Runtime1 stub}
  0x0000026f6ff6857c: 0056 52e8 | 7c76 d606 | 5e5a 85d2 | 0f84 8a00 

  0x0000026f6ff6858c: ;   {metadata(method data for {method} {0x0000026f56676748} 'readCategoryTable' '([CZ)Lorg/eclipse/jdt/internal/compiler/util/HashtableOfObject;' in 'org/eclipse/jdt/internal/core/index/DiskIndex')}
  0x0000026f6ff6858c: 0000 48be | c014 9856 | 6f02 0000 | 8b50 0849 | ba00 0000 | 126f 0200 | 0049 03d2 | 483b 9618 
  0x0000026f6ff685ac: 0300 0075 | 0d48 8386 | 2003 0000 | 01e9 7100 | 0000 483b | 9628 0300 | 0075 0d48 | 8386 3003 
  0x0000026f6ff685cc: 0000 01e9 | 5b00 0000 | 4883 be18 | 0300 0000 | 7517 4889 | 9618 0300 | 0048 c786 | 2003 0000 
  0x0000026f6ff685ec: 0100 0000 | e93a 0000 | 0048 83be | 2803 0000 | 0075 1748 | 8996 2803 | 0000 48c7 | 8630 0300 
  0x0000026f6ff6860c: 0001 0000 | 00e9 1900 | 0000 eb17 

  0x0000026f6ff68618: ;   {metadata(method data for {method} {0x0000026f56676748} 'readCategoryTable' '([CZ)Lorg/eclipse/jdt/internal/compiler/util/HashtableOfObject;' in 'org/eclipse/jdt/internal/core/index/DiskIndex')}
  0x0000026f6ff68618: 48be c014 | 9856 6f02 | 0000 4883 | ae08 0300 | 0001 e910 | 1700 008b | 9424 f800 | 0000 4863 
  0x0000026f6ff68638: f248 8d74 | b710 4c8b | d049 c1ea | 0344 8916 | 488d 0648 | c1e8 0948 | be00 0088 | 7b6f 0200 
  0x0000026f6ff68658: 00c6 0430 | 0048 8bc2 | ffc0 488b | d048 8bc2 | 8b9c 24fc | 0000 0048 | 8b94 2488 | 0000 003b 
  0x0000026f6ff68678: c341 b802 | 0000 007c | 0641 b800 

  0x0000026f6ff68684: ;   {metadata(method data for {method} {0x0000026f56676748} 'readCategoryTable' '([CZ)Lorg/eclipse/jdt/internal/compiler/util/HashtableOfObject;' in 'org/eclipse/jdt/internal/core/index/DiskIndex')}
  0x0000026f6ff68684: 0000 0048 | b9c0 1498 | 566f 0200 | 0044 8b89 | d000 0000 | 4503 c844 | 8989 d000 | 0000 4585 
  0x0000026f6ff686a4: c075 0641 | b902 0000 | 0041 81e1 | fe3f 0000 | 4585 c90f | 848b 1600 | 004d 8b97 

  0x0000026f6ff686c0: ; ImmutableOopMap {rdx=Oop rdi=Oop [136]=Oop [240]=Oop [256]=Oop [456]=Oop }
                      ;*if_icmplt {reexecute=1 rethrow=0 return_oop=0}
                      ; - (reexecute) org.eclipse.jdt.internal.core.index.DiskIndex::readCategoryTable@112 (line 672)
  0x0000026f6ff686c0: 5804 0000 

  0x0000026f6ff686c4: ;   {poll}
  0x0000026f6ff686c4: 4185 023b 

  0x0000026f6ff686c8: ;   {metadata(method data for {method} {0x0000026f56676748} 'readCategoryTable' '([CZ)Lorg/eclipse/jdt/internal/compiler/util/HashtableOfObject;' in 'org/eclipse/jdt/internal/core/index/DiskIndex')}
  0x0000026f6ff686c8: c349 b8c0 | 1498 566f | 0200 0048 | c7c1 4003 | 0000 7c07 | 48c7 c150 | 0300 004d | 8b0c 084d 
  0x0000026f6ff686e8: 8d49 014d | 890c 080f | 8ca3 fcff | ff48 8bb4 | 2400 0100 | 00e9 aa01 | 0000 488b | b424 a800 
  0x0000026f6ff68708: 0000 488b | 9424 8800 | 0000 498b | 8700 0500 | 004d 33d2 | 4d89 9700 | 0500 004d | 33d2 4d89 
  0x0000026f6ff68728: 9708 0500 | 0048 8984 | 2408 0100 | 008b 7a34 | 48c1 e703 

  0x0000026f6ff6873c: ;   {metadata(method data for {method} {0x0000026f56676748} 'readCategoryTable' '([CZ)Lorg/eclipse/jdt/internal/compiler/util/HashtableOfObject;' in 'org/eclipse/jdt/internal/core/index/DiskIndex')}
  0x0000026f6ff6873c: 48bb c014 | 9856 6f02 | 0000 4883 | 8368 0400 

  0x0000026f6ff6874c: ;   {metadata(method data for {method} {0x0000026f12454f60} 'valueOf' '(Ljava/lang/Object;)Ljava/lang/String;' in 'java/lang/String')}
  0x0000026f6ff6874c: 0001 48bb | 6886 0954 | 6f02 0000 | 8b8b cc00 | 0000 83c1 | 0289 8bcc | 0000 0081 | e1fe ff1f 
  0x0000026f6ff6876c: 0085 c90f | 84f4 1500 | 0048 85ff 

  0x0000026f6ff68778: ;   {metadata(method data for {method} {0x0000026f12454f60} 'valueOf' '(Ljava/lang/Object;)Ljava/lang/String;' in 'java/lang/String')}
  0x0000026f6ff68778: 48bb 6886 | 0954 6f02 | 0000 48c7 | c110 0100 | 0075 0748 | c7c1 2001 | 0000 4c8b | 040b 4d8d 
  0x0000026f6ff68798: 4001 4c89 | 040b 0f85 | 1f00 0000 

  0x0000026f6ff687a4: ;   {metadata(method data for {method} {0x0000026f12454f60} 'valueOf' '(Ljava/lang/Object;)Ljava/lang/String;' in 'java/lang/String')}
  0x0000026f6ff687a4: 48bf 6886 | 0954 6f02 | 0000 ff87 | 3001 0000 

  0x0000026f6ff687b4: ;   {oop("null"{0x0000000600000bd8})}
  0x0000026f6ff687b4: 48bf d80b | 0000 0600 | 0000 e976 | 0100 0048 | 3b07 488b 

  0x0000026f6ff687c8: ;   {metadata(method data for {method} {0x0000026f12454f60} 'valueOf' '(Ljava/lang/Object;)Ljava/lang/String;' in 'java/lang/String')}
  0x0000026f6ff687c8: df48 b968 | 8609 546f | 0200 008b | 5b08 49ba | 0000 0012 | 6f02 0000 | 4903 da48 | 3b99 5801 
  0x0000026f6ff687e8: 0000 750d | 4883 8160 | 0100 0001 | e960 0000 | 0048 3b99 | 6801 0000 | 750d 4883 | 8170 0100 
  0x0000026f6ff68808: 0001 e94a | 0000 0048 | 83b9 5801 | 0000 0075 | 1748 8999 | 5801 0000 | 48c7 8160 | 0100 0001 
  0x0000026f6ff68828: 0000 00e9 | 2900 0000 | 4883 b968 | 0100 0000 | 7517 4889 | 9968 0100 | 0048 c781 | 7001 0000 
  0x0000026f6ff68848: 0100 0000 | e908 0000 | 0048 8381 | 4801 0000 

  0x0000026f6ff68858: ;   {metadata(method data for {method} {0x0000026f55513060} 'toString' '()Ljava/lang/String;' in 'org/eclipse/jdt/internal/core/index/IndexLocation')}
  0x0000026f6ff68858: 0148 bb58 | b867 566f | 0200 008b | 8bcc 0000 | 0083 c102 | 898b cc00 | 0000 81e1 | feff 1f00 
  0x0000026f6ff68878: 85c9 0f84 | 0f15 0000 | 8b7f 1048 | c1e7 0348 | 8bd7 6666 | 9048 b8ff | ffff ffff 

  0x0000026f6ff68894: ;   {virtual_call}
  0x0000026f6ff68894: ffff ffe8 

  0x0000026f6ff68898: ; ImmutableOopMap {[136]=Oop [168]=Oop [264]=Oop [456]=Oop }
                      ;*invokevirtual toString {reexecute=0 rethrow=0 return_oop=0}
                      ; - org.eclipse.jdt.internal.core.index.IndexLocation::toString@4 (line 153)
                      ; - java.lang.String::valueOf@11
                      ; - org.eclipse.jdt.internal.core.index.DiskIndex::readCategoryTable@214 (line 694)
  0x0000026f6ff68898: e461 cb06 

  0x0000026f6ff6889c: ;   {other}
  0x0000026f6ff6889c: 0f1f 8400 | 0c1f 0015 | 488b f8e9 | 8d00 0000 | 488d 8424 | c001 0000 | 488b 1048 | 85d2 0f84 
  0x0000026f6ff688bc: 0f00 0000 | 4c8b 4008 | f049 0fb1 | 100f 85e1 | 1400 0049 | ff8f 5005 | 0000 488b | c648 81c4 
  0x0000026f6ff688dc: e001 0000 

  0x0000026f6ff688e0: ;   {poll_return}
  0x0000026f6ff688e0: 5d49 3ba7 | 5004 0000 | 0f87 d814 | 0000 c348 | 8d84 24c0 | 0100 0048 | 8b10 4885 | d20f 840f 
  0x0000026f6ff68900: 0000 004c | 8b40 08f0 | 490f b110 | 0f85 ca14 | 0000 49ff | 8f50 0500 

  0x0000026f6ff68918: ;   {oop(nullptr)}
  0x0000026f6ff68918: 0048 b800 | 0000 0000 | 0000 0048 | 81c4 e001 

  0x0000026f6ff68928: ;   {poll_return}
  0x0000026f6ff68928: 0000 5d49 | 3ba7 5004 | 0000 0f87 | ba14 0000 | c344 8b8c | 24b0 0000 | 008b 8424 | 9c00 0000 
  0x0000026f6ff68948: ;   {no_reloc}
  0x0000026f6ff68948: e9ca 1400 | 0090 9090 | 9090 488b | d74c 8bc0 | 488b fb0f 

  0x0000026f6ff6895c: ;   {static_call}
  0x0000026f6ff6895c: 1f40 00e8 

  0x0000026f6ff68960: ; ImmutableOopMap {[136]=Oop [168]=Oop [264]=Oop [456]=Oop }
                      ;*invokedynamic {reexecute=0 rethrow=0 return_oop=0}
                      ; - org.eclipse.jdt.internal.core.index.DiskIndex::readCategoryTable@220 (line 694)
  0x0000026f6ff68960: 1c64 cb06 

  0x0000026f6ff68964: ;   {other}
  0x0000026f6ff68964: 0f1f 8400 | d41f 0016 

  0x0000026f6ff6896c: ;   {metadata(method data for {method} {0x0000026f56676748} 'readCategoryTable' '([CZ)Lorg/eclipse/jdt/internal/compiler/util/HashtableOfObject;' in 'org/eclipse/jdt/internal/core/index/DiskIndex')}
  0x0000026f6ff6896c: 4c8b c048 | bac0 1498 | 566f 0200 | 0048 8d92 | 9804 0000 | 4d85 c075 | 0af6 0201 | 7505 f048 
  0x0000026f6ff6898c: 830a 0190 

  0x0000026f6ff68990: ;   {no_reloc}
  0x0000026f6ff68990: e99b 1400 | 0000 0000 | 0000 80ba | 3101 0000 | 040f 8598 | 1400 0049 | 8b87 b801 | 0000 488d 
  0x0000026f6ff689b0: 7828 493b | bfc8 0100 | 000f 8780 | 1400 0049 | 89bf b801 | 0000 48c7 | 0001 0000 | 0048 8bca 
  0x0000026f6ff689d0: 49ba 0000 | 0012 6f02 | 0000 492b | ca89 4808 | 4833 c989 | 480c 4833 | c948 8948 | 1048 8948 
  0x0000026f6ff689f0: 1848 8948 | 2048 8bd0 

  0x0000026f6ff689f8: ;   {metadata(method data for {method} {0x0000026f56676748} 'readCategoryTable' '([CZ)Lorg/eclipse/jdt/internal/compiler/util/HashtableOfObject;' in 'org/eclipse/jdt/internal/core/index/DiskIndex')}
  0x0000026f6ff689f8: 48be c014 | 9856 6f02 | 0000 4883 | 86a8 0400 | 0001 488b | d048 8984 | 2410 0100 

  0x0000026f6ff68a14: ;   {optimized virtual_call}
  0x0000026f6ff68a14: 0066 90e8 

  0x0000026f6ff68a18: ; ImmutableOopMap {[136]=Oop [168]=Oop [264]=Oop [272]=Oop [456]=Oop }
                      ;*invokespecial <init> {reexecute=0 rethrow=0 return_oop=0}
                      ; - org.eclipse.jdt.internal.core.index.DiskIndex::readCategoryTable@233 (line 696)
  0x0000026f6ff68a18: 645d cb06 

  0x0000026f6ff68a1c: ;   {other}
  0x0000026f6ff68a1c: 0f1f 8400 | 8c20 0017 | 488b 8424 | 1001 0000 

  0x0000026f6ff68a2c: ;   {metadata(method data for {method} {0x0000026f56676748} 'readCategoryTable' '([CZ)Lorg/eclipse/jdt/internal/compiler/util/HashtableOfObject;' in 'org/eclipse/jdt/internal/core/index/DiskIndex')}
  0x0000026f6ff68a2c: 49b8 c014 | 9856 6f02 | 0000 8b40 | 0849 ba00 | 0000 126f | 0200 0049 | 03c2 493b | 80c8 0400 
  0x0000026f6ff68a4c: 0075 0d49 | 8380 d004 | 0000 01e9 | 6000 0000 | 493b 80d8 | 0400 0075 | 0d49 8380 | e004 0000 
  0x0000026f6ff68a6c: 01e9 4a00 | 0000 4983 | b8c8 0400 | 0000 7517 | 4989 80c8 | 0400 0049 | c780 d004 | 0000 0100 
  0x0000026f6ff68a8c: 0000 e929 | 0000 0049 | 83b8 d804 | 0000 0075 | 1749 8980 | d804 0000 | 49c7 80e0 | 0400 0001 
  0x0000026f6ff68aac: 0000 00e9 | 0800 0000 | 4983 80b8 | 0400 0001 | 4c8b 8424 | 0801 0000 | 488b 9424 | 1001 0000 
  0x0000026f6ff68acc: 9048 b8ff | ffff ffff 

  0x0000026f6ff68ad4: ;   {virtual_call}
  0x0000026f6ff68ad4: ffff ffe8 

  0x0000026f6ff68ad8: ; ImmutableOopMap {[136]=Oop [168]=Oop [272]=Oop [456]=Oop }
                      ;*invokevirtual initCause {reexecute=0 rethrow=0 return_oop=0}
                      ; - org.eclipse.jdt.internal.core.index.DiskIndex::readCategoryTable@242 (line 697)
  0x0000026f6ff68ad8: a45f cb06 

  0x0000026f6ff68adc: ;   {other}
  0x0000026f6ff68adc: 0f1f 8400 | 4c21 0018 | 488b 8424 

  0x0000026f6ff68ae8: ; ImmutableOopMap {rax=Oop [136]=Oop [168]=Oop [456]=Oop }
                      ;*athrow {reexecute=1 rethrow=0 return_oop=0}
                      ; - (reexecute) org.eclipse.jdt.internal.core.index.DiskIndex::readCategoryTable@248 (line 698)
  0x0000026f6ff68ae8: 1001 0000 

  0x0000026f6ff68aec: ;   {section_word}
  0x0000026f6ff68aec: 48ba ec8a | f66f 6f02 

  0x0000026f6ff68af4: ;   {runtime_call handle_exception_nofpu Runtime1 stub}
  0x0000026f6ff68af4: 0000 e805 | 5fd6 0690 | 488b 9424 | a800 0000 | 498b 8700 | 0500 004d | 33d2 4d89 | 9700 0500 
  0x0000026f6ff68b14: 004d 33d2 | 4d89 9708 | 0500 0048 

  0x0000026f6ff68b20: ;   {metadata(method data for {method} {0x0000026f56676748} 'readCategoryTable' '([CZ)Lorg/eclipse/jdt/internal/compiler/util/HashtableOfObject;' in 'org/eclipse/jdt/internal/core/index/DiskIndex')}
  0x0000026f6ff68b20: 85d2 49b8 | c014 9856 | 6f02 0000 | 49c7 c1f0 | 0800 0075 | 0749 c7c1 | e008 0000 | 4f8b 1c08 
  0x0000026f6ff68b40: 4d8d 5b01 | 4f89 1c08 | 0f85 0800 | 0000 4c8b | c0e9 be00 | 0000 4889 | 8424 1801 | 0000 483b 
  0x0000026f6ff68b60: 024c 8bc2 

  0x0000026f6ff68b64: ;   {metadata(method data for {method} {0x0000026f56676748} 'readCategoryTable' '([CZ)Lorg/eclipse/jdt/internal/compiler/util/HashtableOfObject;' in 'org/eclipse/jdt/internal/core/index/DiskIndex')}
  0x0000026f6ff68b64: 49b9 c014 | 9856 6f02 | 0000 458b | 4008 49ba | 0000 0012 | 6f02 0000 | 4d03 c24d | 3b81 1009 
  0x0000026f6ff68b84: 0000 750d | 4983 8118 | 0900 0001 | e960 0000 | 004d 3b81 | 2009 0000 | 750d 4983 | 8128 0900 
  0x0000026f6ff68ba4: 0001 e94a | 0000 0049 | 83b9 1009 | 0000 0075 | 174d 8981 | 1009 0000 | 49c7 8118 | 0900 0001 
  0x0000026f6ff68bc4: 0000 00e9 | 2900 0000 | 4983 b920 | 0900 0000 | 7517 4d89 | 8120 0900 | 0049 c781 | 2809 0000 
  0x0000026f6ff68be4: 0100 0000 | e908 0000 | 0049 8381 | 0009 0000 | 0148 b8ff | ffff ffff 

  0x0000026f6ff68bfc: ;   {virtual_call}
  0x0000026f6ff68bfc: ffff ffe8 

  0x0000026f6ff68c00: ; ImmutableOopMap {[136]=Oop [280]=Oop [288]=Oop [296]=Oop [456]=Oop }
                      ;*invokevirtual close {reexecute=0 rethrow=0 return_oop=0}
                      ; - org.eclipse.jdt.internal.core.index.DiskIndex::readCategoryTable@449 (line 728)
  0x0000026f6ff68c00: 7c5e cb06 

  0x0000026f6ff68c04: ;   {other}
  0x0000026f6ff68c04: 0f1f 8400 | 7422 001a | 4c8b 8424 | 1801 0000 | 8bb4 2434 | 0100 008b | bc24 3001 | 0000 488b 
  0x0000026f6ff68c24: 9c24 2801 | 0000 488b | 8c24 2001 | 0000 498b 

  0x0000026f6ff68c34: ; ImmutableOopMap {rbx=Oop rcx=Oop r8=Oop rax=Oop [136]=Oop [456]=Oop }
                      ;*athrow {reexecute=1 rethrow=0 return_oop=0}
                      ; - (reexecute) org.eclipse.jdt.internal.core.index.DiskIndex::readCategoryTable@454 (line 728)
                      ;   {section_word}
  0x0000026f6ff68c34: c048 ba35 | 8cf6 6f6f 

  0x0000026f6ff68c3c: ;   {runtime_call handle_exception_nofpu Runtime1 stub}
  0x0000026f6ff68c3c: 0200 00e8 | bc5d d606 | 9049 8b87 | 0005 0000 | 4d33 d24d | 8997 0005 | 0000 4d33 | d24d 8997 
  0x0000026f6ff68c5c: 0805 0000 

  0x0000026f6ff68c60: ;   {metadata(method data for {method} {0x0000026f56676748} 'readCategoryTable' '([CZ)Lorg/eclipse/jdt/internal/compiler/util/HashtableOfObject;' in 'org/eclipse/jdt/internal/core/index/DiskIndex')}
  0x0000026f6ff68c60: 4d85 c949 | b8c0 1498 | 566f 0200 | 0048 c7c2 | 4809 0000 | 7407 48c7 | c238 0900 | 004d 8b1c 
  0x0000026f6ff68c80: 104d 8d5b | 014d 891c | 100f 8472 | 0000 004c 

  0x0000026f6ff68c90: ;   {metadata(method data for {method} {0x0000026f56676748} 'readCategoryTable' '([CZ)Lorg/eclipse/jdt/internal/compiler/util/HashtableOfObject;' in 'org/eclipse/jdt/internal/core/index/DiskIndex')}
  0x0000026f6ff68c90: 3bc8 49b8 | c014 9856 | 6f02 0000 | 48c7 c270 | 0900 0074 | 0748 c7c2 | 8009 0000 | 4d8b 1c10 
  0x0000026f6ff68cb0: 4d8d 5b01 | 4d89 1c10 | 0f84 5600 | 0000 493b | 014d 8bc1 

  0x0000026f6ff68cc4: ;   {metadata(method data for {method} {0x0000026f56676748} 'readCategoryTable' '([CZ)Lorg/eclipse/jdt/internal/compiler/util/HashtableOfObject;' in 'org/eclipse/jdt/internal/core/index/DiskIndex')}
  0x0000026f6ff68cc4: 48ba c014 | 9856 6f02 | 0000 4883 | 8290 0900 | 0001 4c8b | c049 8bd1 | 4c89 8c24 | 3801 0000 
  0x0000026f6ff68ce4: ;   {optimized virtual_call}
  0x0000026f6ff68ce4: 6666 90e8 

  0x0000026f6ff68ce8: ; ImmutableOopMap {[136]=Oop [312]=Oop [320]=Oop [328]=Oop [456]=Oop }
                      ;*invokevirtual addSuppressed {reexecute=0 rethrow=0 return_oop=0}
                      ; - org.eclipse.jdt.internal.core.index.DiskIndex::readCategoryTable@480 (line 728)
  0x0000026f6ff68ce8: 945a cb06 

  0x0000026f6ff68cec: ;   {other}
  0x0000026f6ff68cec: 0f1f 8400 | 5c23 001c | 4c8b 8c24 | 3801 0000 | e913 0000 

  0x0000026f6ff68d00: ;   {metadata(method data for {method} {0x0000026f56676748} 'readCategoryTable' '([CZ)Lorg/eclipse/jdt/internal/compiler/util/HashtableOfObject;' in 'org/eclipse/jdt/internal/core/index/DiskIndex')}
  0x0000026f6ff68d00: 0048 bac0 | 1498 566f | 0200 00ff | 8258 0900 | 004c 8bc8 

  0x0000026f6ff68d14: ; implicit exception: dispatches to 0x0000026f6ff69e56
  0x0000026f6ff68d14: 493b 0149 

  0x0000026f6ff68d18: ; ImmutableOopMap {rax=Oop [136]=Oop [320]=Oop [328]=Oop [456]=Oop }
                      ;*athrow {reexecute=1 rethrow=0 return_oop=0}
                      ; - (reexecute) org.eclipse.jdt.internal.core.index.DiskIndex::readCategoryTable@485 (line 728)
                      ;   {section_word}
  0x0000026f6ff68d18: 8bc1 48ba | 1a8d f66f | 6f02 0000 

  0x0000026f6ff68d24: ;   {runtime_call handle_exception_nofpu Runtime1 stub}
  0x0000026f6ff68d24: e8d7 5cd6 | 0690 488b | 9424 8800 | 0000 498b | 8700 0500 | 004d 33d2 | 4d89 9700 | 0500 004d 
  0x0000026f6ff68d44: 33d2 4d89 | 9708 0500 | 00c7 4250 | 0000 0000 | 488d 3248 | c1ee 0948 | bf00 0088 | 7b6f 0200 
  0x0000026f6ff68d64: 00c6 043e 

  0x0000026f6ff68d68: ; ImmutableOopMap {rsi=Oop rax=Oop [136]=Oop [320]=Oop [328]=Oop [456]=Oop }
                      ;*athrow {reexecute=1 rethrow=0 return_oop=0}
                      ; - (reexecute) org.eclipse.jdt.internal.core.index.DiskIndex::readCategoryTable@495 (line 730)
  0x0000026f6ff68d68: 0048 8bf2 

  0x0000026f6ff68d6c: ;   {section_word}
  0x0000026f6ff68d6c: 48ba 6c8d | f66f 6f02 

  0x0000026f6ff68d74: ;   {runtime_call handle_exception_nofpu Runtime1 stub}
  0x0000026f6ff68d74: 0000 e885 | 5cd6 0690 | 488b b424 | 8800 0000 | 498b 8700 | 0500 004d | 33d2 4d89 | 9700 0500 
  0x0000026f6ff68d94: 004d 33d2 | 4d89 9708 | 0500 008b | 5634 48c1 | e203 483b 

  0x0000026f6ff68da8: ;   {metadata(method data for {method} {0x0000026f56676748} 'readCategoryTable' '([CZ)Lorg/eclipse/jdt/internal/compiler/util/HashtableOfObject;' in 'org/eclipse/jdt/internal/core/index/DiskIndex')}
  0x0000026f6ff68da8: 0249 b9c0 | 1498 566f | 0200 008b | 5208 49ba | 0000 0012 | 6f02 0000 | 4903 d249 | 3b91 d809 
  0x0000026f6ff68dc8: 0000 750d | 4983 81e0 | 0900 0001 | e960 0000 | 0049 3b91 | e809 0000 | 750d 4983 | 81f0 0900 
  0x0000026f6ff68de8: 0001 e94a | 0000 0049 | 83b9 d809 | 0000 0075 | 1749 8991 | d809 0000 | 49c7 81e0 | 0900 0001 
  0x0000026f6ff68e08: 0000 00e9 | 2900 0000 | 4983 b9e8 | 0900 0000 | 7517 4989 | 91e8 0900 | 0049 c781 | f009 0000 
  0x0000026f6ff68e28: 0100 0000 | e908 0000 | 0049 8381 | c809 0000 

  0x0000026f6ff68e38: ;   {metadata(method data for {method} {0x0000026f555127e0} 'close' '()V' in 'org/eclipse/jdt/internal/core/index/IndexLocation')}
  0x0000026f6ff68e38: 0148 bae0 | 3898 566f | 0200 0044 | 8b8a cc00 | 0000 4183 | c102 4489 | 8acc 0000 | 0041 81e1 
  0x0000026f6ff68e58: feff 1f00 | 4585 c90f | 84fb 0f00 

  0x0000026f6ff68e64: ; ImmutableOopMap {r8=Oop rcx=Oop rsi=Oop rax=Oop [136]=Oop [456]=Oop }
                      ;*athrow {reexecute=1 rethrow=0 return_oop=0}
                      ; - (reexecute) org.eclipse.jdt.internal.core.index.DiskIndex::readCategoryTable@507 (line 733)
                      ;   {section_word}
  0x0000026f6ff68e64: 0048 ba65 | 8ef6 6f6f 

  0x0000026f6ff68e6c: ;   {runtime_call handle_exception_nofpu Runtime1 stub}
  0x0000026f6ff68e6c: 0200 00e8 | 8c5b d606 | 9049 8b87 | 0005 0000 | 4d33 d24d | 8997 0005 | 0000 4d33 | d24d 8997 
  0x0000026f6ff68e8c: 0805 0000 | 4889 8424 | 5801 0000 | 0f1f 8000 

  0x0000026f6ff68e9c: ;   {static_call}
  0x0000026f6ff68e9c: 0000 00e8 

  0x0000026f6ff68ea0: ; ImmutableOopMap {[136]=Oop [344]=Oop [360]=Oop [368]=Oop [456]=Oop }
                      ;*invokestatic get {reexecute=0 rethrow=0 return_oop=0}
                      ; - org.eclipse.jdt.internal.core.index.DiskIndex::readCategoryTable@520 (line 735)
  0x0000026f6ff68ea0: dc5e cb06 

  0x0000026f6ff68ea4: ;   {other}
  0x0000026f6ff68ea4: 0f1f 8400 | 1425 0020 | 4889 8424 | 7801 0000 | 488b 9424 | 8800 0000 | 8b72 3448 

  0x0000026f6ff68ec0: ;   {metadata(method data for {method} {0x0000026f56676748} 'readCategoryTable' '([CZ)Lorg/eclipse/jdt/internal/compiler/util/HashtableOfObject;' in 'org/eclipse/jdt/internal/core/index/DiskIndex')}
  0x0000026f6ff68ec0: c1e6 0348 | bfc0 1498 | 566f 0200 | 0048 8387 | 600a 0000 

  0x0000026f6ff68ed4: ;   {metadata(method data for {method} {0x0000026f12454f60} 'valueOf' '(Ljava/lang/Object;)Ljava/lang/String;' in 'java/lang/String')}
  0x0000026f6ff68ed4: 0148 bf68 | 8609 546f | 0200 008b | 9fcc 0000 | 0083 c302 | 899f cc00 | 0000 81e3 | feff 1f00 
  0x0000026f6ff68ef4: 85db 0f84 | 850f 0000 

  0x0000026f6ff68efc: ;   {metadata(method data for {method} {0x0000026f12454f60} 'valueOf' '(Ljava/lang/Object;)Ljava/lang/String;' in 'java/lang/String')}
  0x0000026f6ff68efc: 4885 f648 | bf68 8609 | 546f 0200 | 0048 c7c3 | 1001 0000 | 7507 48c7 | c320 0100 | 0048 8b0c 
  0x0000026f6ff68f1c: 1f48 8d49 | 0148 890c | 1f0f 851f 

  0x0000026f6ff68f28: ;   {metadata(method data for {method} {0x0000026f12454f60} 'valueOf' '(Ljava/lang/Object;)Ljava/lang/String;' in 'java/lang/String')}
  0x0000026f6ff68f28: 0000 0048 | be68 8609 | 546f 0200 | 00ff 8630 

  0x0000026f6ff68f38: ;   {oop("null"{0x0000000600000bd8})}
  0x0000026f6ff68f38: 0100 0048 | bed8 0b00 | 0006 0000 | 00e9 e500 | 0000 483b | 0648 8bfe 

  0x0000026f6ff68f50: ;   {metadata(method data for {method} {0x0000026f12454f60} 'valueOf' '(Ljava/lang/Object;)Ljava/lang/String;' in 'java/lang/String')}
  0x0000026f6ff68f50: 48bb 6886 | 0954 6f02 | 0000 8b7f | 0849 ba00 | 0000 126f | 0200 0049 | 03fa 483b | bb58 0100 
  0x0000026f6ff68f70: 0075 0d48 | 8383 6001 | 0000 01e9 | 6000 0000 | 483b bb68 | 0100 0075 | 0d48 8383 | 7001 0000 
  0x0000026f6ff68f90: 01e9 4a00 | 0000 4883 | bb58 0100 | 0000 7517 | 4889 bb58 | 0100 0048 | c783 6001 | 0000 0100 
  0x0000026f6ff68fb0: 0000 e929 | 0000 0048 | 83bb 6801 | 0000 0075 | 1748 89bb | 6801 0000 | 48c7 8370 | 0100 0001 
  0x0000026f6ff68fd0: 0000 00e9 | 0800 0000 | 4883 8348 | 0100 0001 

  0x0000026f6ff68fe0: ;   {metadata(method data for {method} {0x0000026f55513060} 'toString' '()Ljava/lang/String;' in 'org/eclipse/jdt/internal/core/index/IndexLocation')}
  0x0000026f6ff68fe0: 48bf 58b8 | 6756 6f02 | 0000 8b9f | cc00 0000 | 83c3 0289 | 9fcc 0000 | 0081 e3fe | ff1f 0085 
  0x0000026f6ff69000: db0f 84a0 | 0e00 008b | 7610 48c1 | e603 488b | d60f 1f40 | 0048 b8ff | ffff ffff 

  0x0000026f6ff6901c: ;   {virtual_call}
  0x0000026f6ff6901c: ffff ffe8 

  0x0000026f6ff69020: ; ImmutableOopMap {[136]=Oop [344]=Oop [360]=Oop [368]=Oop [376]=Oop [456]=Oop }
                      ;*invokevirtual toString {reexecute=0 rethrow=0 return_oop=0}
                      ; - org.eclipse.jdt.internal.core.index.IndexLocation::toString@4 (line 153)
                      ; - java.lang.String::valueOf@11
                      ; - org.eclipse.jdt.internal.core.index.DiskIndex::readCategoryTable@527 (line 735)
  0x0000026f6ff69020: 5c5a cb06 

  0x0000026f6ff69024: ;   {other}
  0x0000026f6ff69024: 0f1f 8400 | 9426 0021 | 488b f090 

  0x0000026f6ff69030: ;   {no_reloc}
  0x0000026f6ff69030: e9a2 0e00 | 0090 9090 | 9090 488b 

  0x0000026f6ff6903c: ;   {static_call}
  0x0000026f6ff6903c: d666 90e8 

  0x0000026f6ff69040: ; ImmutableOopMap {[136]=Oop [344]=Oop [360]=Oop [368]=Oop [376]=Oop [456]=Oop }
                      ;*invokedynamic {reexecute=0 rethrow=0 return_oop=0}
                      ; - org.eclipse.jdt.internal.core.index.DiskIndex::readCategoryTable@530 (line 735)
  0x0000026f6ff69040: 3c5d cb06 

  0x0000026f6ff69044: ;   {other}
  0x0000026f6ff69044: 0f1f 8400 | b426 0022 

  0x0000026f6ff6904c: ;   {metadata(method data for {method} {0x0000026f56676748} 'readCategoryTable' '([CZ)Lorg/eclipse/jdt/internal/compiler/util/HashtableOfObject;' in 'org/eclipse/jdt/internal/core/index/DiskIndex')}
  0x0000026f6ff6904c: 49b8 c014 | 9856 6f02 | 0000 4d8d | 8090 0a00 | 0048 85c0 | 750b 41f6 | 0001 7505 | f049 8308 
  0x0000026f6ff6906c: 014c 8bc0 | 4c8b 8c24 | 5801 0000 | 488b 9424 | 7801 0000 | 0f1f 4400 | 0048 b8ff | ffff ffff 
  0x0000026f6ff6908c: ;   {virtual_call}
  0x0000026f6ff6908c: ffff ffe8 

  0x0000026f6ff69090: ; ImmutableOopMap {[136]=Oop [360]=Oop [368]=Oop [456]=Oop }
                      ;*invokeinterface warn {reexecute=0 rethrow=0 return_oop=0}
                      ; - org.eclipse.jdt.internal.core.index.DiskIndex::readCategoryTable@537 (line 735)
  0x0000026f6ff69090: ec59 cb06 

  0x0000026f6ff69094: ;   {other}
  0x0000026f6ff69094: 0f1f 8400 | 0427 0023 | 488b 9424 | 8800 0000 | 8b72 3448 | c1e6 0348 | 3b06 488b 

  0x0000026f6ff690b0: ;   {metadata(method data for {method} {0x0000026f56676748} 'readCategoryTable' '([CZ)Lorg/eclipse/jdt/internal/compiler/util/HashtableOfObject;' in 'org/eclipse/jdt/internal/core/index/DiskIndex')}
  0x0000026f6ff690b0: fe48 bbc0 | 1498 566f 

  0x0000026f6ff690b8: ;   {metadata('org/eclipse/jdt/internal/core/index/FileIndexLocation')}
  0x0000026f6ff690b8: 0200 0049 | ba58 f92c | 136f 0200 | 004c 8993 | e80a 0000 | 4883 83f0 | 0a00 0001 

  0x0000026f6ff690d4: ;   {metadata(method data for {method} {0x0000026f55513990} 'delete' '()Z' in 'org/eclipse/jdt/internal/core/index/FileIndexLocation')}
  0x0000026f6ff690d4: 48bf 083a | 9856 6f02 | 0000 8b9f | cc00 0000 | 83c3 0289 | 9fcc 0000 | 0081 e3fe | ff1f 0085 
  0x0000026f6ff690f4: db0f 84eb | 0d00 008b | 7618 48c1 | e603 483b | 0648 8bfe 

  0x0000026f6ff69108: ;   {metadata(method data for {method} {0x0000026f55513990} 'delete' '()Z' in 'org/eclipse/jdt/internal/core/index/FileIndexLocation')}
  0x0000026f6ff69108: 48bb 083a | 9856 6f02 

  0x0000026f6ff69110: ;   {metadata('java/io/File')}
  0x0000026f6ff69110: 0000 49ba | 10f6 0412 | 6f02 0000 | 4c89 9320 | 0100 0048 | 8383 2801 | 0000 0148 

  0x0000026f6ff6912c: ;   {optimized virtual_call}
  0x0000026f6ff6912c: 8bd6 90e8 

  0x0000026f6ff69130: ; ImmutableOopMap {[136]=Oop [360]=Oop [368]=Oop [456]=Oop }
                      ;*invokevirtual delete {reexecute=0 rethrow=0 return_oop=0}
                      ; - org.eclipse.jdt.internal.core.index.FileIndexLocation::delete@4 (line 57)
                      ; - org.eclipse.jdt.internal.core.index.DiskIndex::readCategoryTable@546 (line 738)
  0x0000026f6ff69130: 4c56 cb06 

  0x0000026f6ff69134: ;   {other}
  0x0000026f6ff69134: 0f1f 8400 | a427 0024 | 8bbc 2460 | 0100 008b | 9c24 6401 | 0000 488b | 8424 6801 | 0000 488b 
  0x0000026f6ff69154: b424 7001 | 0000 4885 

  0x0000026f6ff6915c: ;   {metadata(method data for {method} {0x0000026f56676748} 'readCategoryTable' '([CZ)Lorg/eclipse/jdt/internal/compiler/util/HashtableOfObject;' in 'org/eclipse/jdt/internal/core/index/DiskIndex')}
  0x0000026f6ff6915c: c048 bac0 | 1498 566f | 0200 0048 | c7c1 200b | 0000 7507 | 48c7 c110 | 0b00 004c | 8b04 0a4d 
  0x0000026f6ff6917c: 8d40 014c | 8904 0a0f | 850d 0000 | 0048 8b94 | 2488 0000 | 00e9 b606 | 0000 85db 

  0x0000026f6ff69198: ;   {metadata(method data for {method} {0x0000026f56676748} 'readCategoryTable' '([CZ)Lorg/eclipse/jdt/internal/compiler/util/HashtableOfObject;' in 'org/eclipse/jdt/internal/core/index/DiskIndex')}
  0x0000026f6ff69198: 48ba c014 | 9856 6f02 | 0000 48c7 | c140 0b00 | 007f 0748 | c7c1 300b | 0000 4c8b | 040a 4d8d 
  0x0000026f6ff691b8: 4001 4c89 | 040a 0f8f | 0d00 0000 | 488b 9424 | 8800 0000 | e97b 0600 | 0089 bc24 | 8001 0000 
  0x0000026f6ff691d8: 899c 2484 | 0100 0048 | 8984 2488 | 0100 0048 | 89b4 2490 | 0100 0048 | 8b94 2488 | 0000 008b 
  0x0000026f6ff691f8: 4a34 48c1 | e103 483b | 014c 8bc1 

  0x0000026f6ff69204: ;   {metadata(method data for {method} {0x0000026f56676748} 'readCategoryTable' '([CZ)Lorg/eclipse/jdt/internal/compiler/util/HashtableOfObject;' in 'org/eclipse/jdt/internal/core/index/DiskIndex')}
  0x0000026f6ff69204: 49b9 c014 | 9856 6f02 | 0000 458b | 4008 49ba | 0000 0012 | 6f02 0000 | 4d03 c24d | 3b81 600b 
  0x0000026f6ff69224: 0000 750d | 4983 8168 | 0b00 0001 | e960 0000 | 004d 3b81 | 700b 0000 | 750d 4983 | 8178 0b00 
  0x0000026f6ff69244: 0001 e94a | 0000 0049 | 83b9 600b | 0000 0075 | 174d 8981 | 600b 0000 | 49c7 8168 | 0b00 0001 
  0x0000026f6ff69264: 0000 00e9 | 2900 0000 | 4983 b970 | 0b00 0000 | 7517 4d89 | 8170 0b00 | 0049 c781 | 780b 0000 
  0x0000026f6ff69284: 0100 0000 | e908 0000 | 0049 8381 | 500b 0000 | 0148 8bd1 | 0f1f 4400 | 0048 b8ff | ffff ffff 
  0x0000026f6ff692a4: ;   {virtual_call}
  0x0000026f6ff692a4: ffff ffe8 

  0x0000026f6ff692a8: ; ImmutableOopMap {[136]=Oop [392]=Oop [400]=Oop [456]=Oop }
                      ;*invokevirtual getInputStream {reexecute=0 rethrow=0 return_oop=0}
                      ; - org.eclipse.jdt.internal.core.index.DiskIndex::readCategoryTable@570 (line 742)
  0x0000026f6ff692a8: d457 cb06 

  0x0000026f6ff692ac: ;   {other}
  0x0000026f6ff692ac: 0f1f 8400 | 1c29 0025 | 4889 8424 | 9801 0000 | 8bbc 2480 | 0100 0048 | 3b00 4c8b 

  0x0000026f6ff692c8: ;   {metadata(method data for {method} {0x0000026f56676748} 'readCategoryTable' '([CZ)Lorg/eclipse/jdt/internal/compiler/util/HashtableOfObject;' in 'org/eclipse/jdt/internal/core/index/DiskIndex')}
  0x0000026f6ff692c8: c048 bec0 | 1498 566f | 0200 0045 | 8b40 0849 | ba00 0000 | 126f 0200 | 004d 03c2 | 4c3b 8698 
  0x0000026f6ff692e8: 0b00 0075 | 0d48 8386 | a00b 0000 | 01e9 6000 | 0000 4c3b | 86a8 0b00 | 0075 0d48 | 8386 b00b 
  0x0000026f6ff69308: 0000 01e9 | 4a00 0000 | 4883 be98 | 0b00 0000 | 7517 4c89 | 8698 0b00 | 0048 c786 | a00b 0000 
  0x0000026f6ff69328: 0100 0000 | e929 0000 | 0048 83be | a80b 0000 | 0075 174c | 8986 a80b | 0000 48c7 | 86b0 0b00 
  0x0000026f6ff69348: 0001 0000 | 00e9 0800 | 0000 4883 | 8688 0b00 | 0001 4863 | ff4c 8bc7 | 488b d066 | 9048 b8ff 
  0x0000026f6ff69368: ffff ffff 

  0x0000026f6ff6936c: ;   {virtual_call}
  0x0000026f6ff6936c: ffff ffe8 

  0x0000026f6ff69370: ; ImmutableOopMap {[136]=Oop [392]=Oop [400]=Oop [408]=Oop [456]=Oop }
                      ;*invokevirtual skip {reexecute=0 rethrow=0 return_oop=0}
                      ; - org.eclipse.jdt.internal.core.index.DiskIndex::readCategoryTable@580 (line 743)
  0x0000026f6ff69370: 0c57 cb06 

  0x0000026f6ff69374: ;   {other}
  0x0000026f6ff69374: 0f1f 8400 | e429 0026 | 488b 9424 | 8800 0000 | c742 2400 | 0000 0044 | 8b42 5049 | c1e0 0341 
  0x0000026f6ff69394: 8b78 0c48 | 8b84 2498 

  0x0000026f6ff6939c: ;   {metadata(method data for {method} {0x0000026f56676748} 'readCategoryTable' '([CZ)Lorg/eclipse/jdt/internal/compiler/util/HashtableOfObject;' in 'org/eclipse/jdt/internal/core/index/DiskIndex')}
  0x0000026f6ff6939c: 0100 0049 | b9c0 1498 | 566f 0200 | 008b 4008 | 49ba 0000 | 0012 6f02 | 0000 4903 | c249 3b81 
  0x0000026f6ff693bc: d00b 0000 | 750d 4983 | 81d8 0b00 | 0001 e960 | 0000 0049 | 3b81 e00b | 0000 750d | 4983 81e8 
  0x0000026f6ff693dc: 0b00 0001 | e94a 0000 | 0049 83b9 | d00b 0000 | 0075 1749 | 8981 d00b | 0000 49c7 | 81d8 0b00 
  0x0000026f6ff693fc: 0001 0000 | 00e9 2900 | 0000 4983 | b9e0 0b00 | 0000 7517 | 4989 81e0 | 0b00 0049 | c781 e80b 
  0x0000026f6ff6941c: 0000 0100 | 0000 e908 | 0000 0049 | 8381 c00b | 0000 0141 | b900 0000 | 0048 8b94 | 2498 0100 
  0x0000026f6ff6943c: 0048 b8ff | ffff ffff 

  0x0000026f6ff69444: ;   {virtual_call}
  0x0000026f6ff69444: ffff ffe8 

  0x0000026f6ff69448: ; ImmutableOopMap {[136]=Oop [392]=Oop [400]=Oop [408]=Oop [456]=Oop }
                      ;*invokevirtual read {reexecute=0 rethrow=0 return_oop=0}
                      ; - org.eclipse.jdt.internal.core.index.DiskIndex::readCategoryTable@602 (line 745)
  0x0000026f6ff69448: 3456 cb06 

  0x0000026f6ff6944c: ;   {other}
  0x0000026f6ff6944c: 0f1f 8400 | bc2a 0027 | 488b 9424 | 8800 0000 

  0x0000026f6ff6945c: ;   {metadata(method data for {method} {0x0000026f56676748} 'readCategoryTable' '([CZ)Lorg/eclipse/jdt/internal/compiler/util/HashtableOfObject;' in 'org/eclipse/jdt/internal/core/index/DiskIndex')}
  0x0000026f6ff6945c: 8942 2849 | b8c0 1498 | 566f 0200 | 0041 ff80 | f80b 0000 | be00 0000 | 0048 8bbc | 2498 0100 
  0x0000026f6ff6947c: 008b 9c24 | 8401 0000 | 488b 8424 | 8801 0000 | e91b 0100 | 000f 1f80 | 0000 0000 | 899c 2484 
  0x0000026f6ff6949c: 0100 003b | 700c 0f83 | 7d0a 0000 | 4c63 c646 | 8b4c 8010 | 49c1 e103 

  0x0000026f6ff694b4: ;   {metadata(method data for {method} {0x0000026f56676748} 'readCategoryTable' '([CZ)Lorg/eclipse/jdt/internal/compiler/util/HashtableOfObject;' in 'org/eclipse/jdt/internal/core/index/DiskIndex')}
  0x0000026f6ff694b4: 4c8b c249 | bbc0 1498 | 566f 0200 | 0049 8383 | 100c 0000 | 014c 8bc7 | 4c8b da49 | 8bd3 4889 
  0x0000026f6ff694d4: 8424 8801 | 0000 89b4 | 24a8 0100 | 004c 898c | 24a0 0100 | 0066 0f1f 

  0x0000026f6ff694ec: ;   {optimized virtual_call}
  0x0000026f6ff694ec: 4400 00e8 

  0x0000026f6ff694f0: ; ImmutableOopMap {[136]=Oop [392]=Oop [400]=Oop [408]=Oop [416]=Oop [456]=Oop }
                      ;*invokevirtual readStreamInt {reexecute=0 rethrow=0 return_oop=0}
                      ; - org.eclipse.jdt.internal.core.index.DiskIndex::readCategoryTable@627 (line 747)
  0x0000026f6ff694f0: 8c52 cb06 

  0x0000026f6ff694f4: ;   {other}
  0x0000026f6ff694f4: 0f1f 8400 | 642b 0028 | 488b 9424 | 8800 0000 

  0x0000026f6ff69504: ;   {metadata(method data for {method} {0x0000026f56676748} 'readCategoryTable' '([CZ)Lorg/eclipse/jdt/internal/compiler/util/HashtableOfObject;' in 'org/eclipse/jdt/internal/core/index/DiskIndex')}
  0x0000026f6ff69504: 49b8 c014 | 9856 6f02 | 0000 4983 | 8048 0c00 | 0001 4c8b | 8424 9801 | 0000 4c8b | c848 8b94 
  0x0000026f6ff69524: 2488 0000 | 0066 0f1f 

  0x0000026f6ff6952c: ;   {optimized virtual_call}
  0x0000026f6ff6952c: 4400 00e8 

  0x0000026f6ff69530: ; ImmutableOopMap {[136]=Oop [392]=Oop [400]=Oop [408]=Oop [416]=Oop [456]=Oop }
                      ;*invokevirtual readStreamDocumentArray {reexecute=0 rethrow=0 return_oop=0}
                      ; - org.eclipse.jdt.internal.core.index.DiskIndex::readCategoryTable@630 (line 747)
  0x0000026f6ff69530: 4c52 cb06 

  0x0000026f6ff69534: ;   {other}
  0x0000026f6ff69534: 0f1f 8400 | a42b 0029 | 488b b424 | 9001 0000 

  0x0000026f6ff69544: ; implicit exception: dispatches to 0x0000026f6ff69f33
  0x0000026f6ff69544: 483b 064c 

  0x0000026f6ff69548: ;   {metadata(method data for {method} {0x0000026f56676748} 'readCategoryTable' '([CZ)Lorg/eclipse/jdt/internal/compiler/util/HashtableOfObject;' in 'org/eclipse/jdt/internal/core/index/DiskIndex')}
  0x0000026f6ff69548: 8bc6 49b9 | c014 9856 | 6f02 0000 | 4983 8180 | 0c00 0001 | 4c8b 8424 | a001 0000 | 4c8b c848 
  0x0000026f6ff69568: 8bd6 4889 | b424 9001 | 0000 0f1f 

  0x0000026f6ff69574: ;   {optimized virtual_call}
  0x0000026f6ff69574: 4400 00e8 

  0x0000026f6ff69578: ; ImmutableOopMap {[136]=Oop [392]=Oop [400]=Oop [408]=Oop [456]=Oop }
                      ;*invokevirtual put {reexecute=0 rethrow=0 return_oop=0}
                      ; - org.eclipse.jdt.internal.core.index.DiskIndex::readCategoryTable@633 (line 747)
  0x0000026f6ff69578: 0452 cb06 

  0x0000026f6ff6957c: ;   {other}
  0x0000026f6ff6957c: 0f1f 8400 | ec2b 002a | 8bb4 24a8 | 0100 00ff | c648 8bbc | 2498 0100 | 008b 9c24 | 8401 0000 
  0x0000026f6ff6959c: 488b 8424 | 8801 0000 | 488b 9424 | 8800 0000 | 3bf3 41b8 | 0200 0000 | 7c06 41b8 | 0000 0000 
  0x0000026f6ff695bc: ;   {metadata(method data for {method} {0x0000026f56676748} 'readCategoryTable' '([CZ)Lorg/eclipse/jdt/internal/compiler/util/HashtableOfObject;' in 'org/eclipse/jdt/internal/core/index/DiskIndex')}
  0x0000026f6ff695bc: 49b9 c014 | 9856 6f02 | 0000 458b | 99d0 0000 | 0045 03d8 | 4589 99d0 | 0000 0045 | 85c0 7506 
  0x0000026f6ff695dc: 41bb 0200 | 0000 4181 | e3fe 3f00 | 0045 85db | 0f84 4609 | 0000 4d8b | 9758 0400 

  0x0000026f6ff695f8: ; ImmutableOopMap {rdx=Oop rax=Oop rdi=Oop [136]=Oop [400]=Oop [408]=Oop [456]=Oop }
                      ;*if_icmplt {reexecute=1 rethrow=0 return_oop=0}
                      ; - (reexecute) org.eclipse.jdt.internal.core.index.DiskIndex::readCategoryTable@644 (line 746)
                      ;   {poll}
  0x0000026f6ff695f8: 0041 8502 

  0x0000026f6ff695fc: ;   {metadata(method data for {method} {0x0000026f56676748} 'readCategoryTable' '([CZ)Lorg/eclipse/jdt/internal/compiler/util/HashtableOfObject;' in 'org/eclipse/jdt/internal/core/index/DiskIndex')}
  0x0000026f6ff695fc: 3bf3 49b8 | c014 9856 | 6f02 0000 | 49c7 c1b8 | 0c00 007c | 0749 c7c1 | c80c 0000 | 4f8b 1c08 
  0x0000026f6ff6961c: 4d8d 5b01 | 4f89 1c08 | 0f8c 6efe | ffff 488b | f748 85f6 

  0x0000026f6ff69630: ;   {metadata(method data for {method} {0x0000026f56676748} 'readCategoryTable' '([CZ)Lorg/eclipse/jdt/internal/compiler/util/HashtableOfObject;' in 'org/eclipse/jdt/internal/core/index/DiskIndex')}
  0x0000026f6ff69630: 48ba c014 | 9856 6f02 | 0000 48c7 | c7d8 0c00 | 0074 0748 | c7c7 e80c | 0000 488b | 1c3a 488d 
  0x0000026f6ff69650: 5b01 4889 | 1c3a 0f84 | 1f01 0000 

  0x0000026f6ff6965c: ;   {metadata(method data for {method} {0x0000026f56676748} 'readCategoryTable' '([CZ)Lorg/eclipse/jdt/internal/compiler/util/HashtableOfObject;' in 'org/eclipse/jdt/internal/core/index/DiskIndex')}
  0x0000026f6ff6965c: 488b c648 | bac0 1498 | 566f 0200 | 008b 4008 | 49ba 0000 | 0012 6f02 | 0000 4903 | c248 3b82 
  0x0000026f6ff6967c: 080d 0000 | 750d 4883 | 8210 0d00 | 0001 e960 | 0000 0048 | 3b82 180d | 0000 750d | 4883 8220 
  0x0000026f6ff6969c: 0d00 0001 | e94a 0000 | 0048 83ba | 080d 0000 | 0075 1748 | 8982 080d | 0000 48c7 | 8210 0d00 
  0x0000026f6ff696bc: 0001 0000 | 00e9 2900 | 0000 4883 | ba18 0d00 | 0000 7517 | 4889 8218 | 0d00 0048 | c782 200d 
  0x0000026f6ff696dc: 0000 0100 | 0000 e908 | 0000 0048 | 8382 f80c | 0000 0148 | 8bd6 6666 | 9048 b8ff | ffff ffff 
  0x0000026f6ff696fc: ;   {virtual_call}
  0x0000026f6ff696fc: ffff ffe8 

  0x0000026f6ff69700: ; ImmutableOopMap {[136]=Oop [400]=Oop [456]=Oop }
                      ;*invokevirtual close {reexecute=0 rethrow=0 return_oop=0}
                      ; - org.eclipse.jdt.internal.core.index.DiskIndex::readCategoryTable@654 (line 749)
  0x0000026f6ff69700: 7c53 cb06 

  0x0000026f6ff69704: ;   {other}
  0x0000026f6ff69704: 0f1f 8400 | 742d 002c 

  0x0000026f6ff6970c: ;   {metadata(method data for {method} {0x0000026f56676748} 'readCategoryTable' '([CZ)Lorg/eclipse/jdt/internal/compiler/util/HashtableOfObject;' in 'org/eclipse/jdt/internal/core/index/DiskIndex')}
  0x0000026f6ff6970c: 48b8 c014 | 9856 6f02 | 0000 ff80 | 300d 0000 | e95a 0000 | 0048 8bb4 | 2498 0100 | 0049 8b87 
  0x0000026f6ff6972c: 0005 0000 | 4d33 d24d | 8997 0005 | 0000 4d33 | d24d 8997 | 0805 0000 

  0x0000026f6ff69744: ;   {metadata(method data for {method} {0x0000026f56676748} 'readCategoryTable' '([CZ)Lorg/eclipse/jdt/internal/compiler/util/HashtableOfObject;' in 'org/eclipse/jdt/internal/core/index/DiskIndex')}
  0x0000026f6ff69744: 4885 f648 | bac0 1498 | 566f 0200 | 0048 c7c7 | 580d 0000 | 7507 48c7 | c748 0d00 | 0048 8b1c 
  0x0000026f6ff69764: 3a48 8d5b | 0148 891c | 3a0f 8538 | 0100 004c | 8bc0 e9f1 | 0100 0048 | 8b94 2488 | 0000 008b 
  0x0000026f6ff69784: 4234 48c1 | e003 483b 

  0x0000026f6ff6978c: ;   {metadata(method data for {method} {0x0000026f56676748} 'readCategoryTable' '([CZ)Lorg/eclipse/jdt/internal/compiler/util/HashtableOfObject;' in 'org/eclipse/jdt/internal/core/index/DiskIndex')}
  0x0000026f6ff6978c: 0048 bec0 | 1498 566f | 0200 008b | 4008 49ba | 0000 0012 | 6f02 0000 | 4903 c248 | 3b86 780e 
  0x0000026f6ff697ac: 0000 750d | 4883 8680 | 0e00 0001 | e960 0000 | 0048 3b86 | 880e 0000 | 750d 4883 | 8690 0e00 
  0x0000026f6ff697cc: 0001 e94a | 0000 0048 | 83be 780e | 0000 0075 | 1748 8986 | 780e 0000 | 48c7 8680 | 0e00 0001 
  0x0000026f6ff697ec: 0000 00e9 | 2900 0000 | 4883 be88 | 0e00 0000 | 7517 4889 | 8688 0e00 | 0048 c786 | 900e 0000 
  0x0000026f6ff6980c: 0100 0000 | e908 0000 | 0048 8386 | 680e 0000 

  0x0000026f6ff6981c: ;   {metadata(method data for {method} {0x0000026f555127e0} 'close' '()V' in 'org/eclipse/jdt/internal/core/index/IndexLocation')}
  0x0000026f6ff6981c: 0148 b8e0 | 3898 566f | 0200 008b | b0cc 0000 | 0083 c602 | 89b0 cc00 | 0000 81e6 | feff 1f00 
  0x0000026f6ff6983c: 85f6 0f84 | 1a07 0000 | 488b b424 | 9001 0000 | c742 5000 | 0000 0048 | 8d02 48c1 | e809 48ba 
  0x0000026f6ff6985c: 0000 887b | 6f02 0000 | c604 1000 | 488d 8424 | c001 0000 | 488b 1048 | 85d2 0f84 | 0f00 0000 
  0x0000026f6ff6987c: 488b 7808 | f048 0fb1 | 170f 85f4 | 0600 0049 | ff8f 5005 | 0000 488b | c648 81c4 | e001 0000 
  0x0000026f6ff6989c: ;   {poll_return}
  0x0000026f6ff6989c: 5d49 3ba7 | 5004 0000 | 0f87 eb06 | 0000 c348 | 8984 24b0 | 0100 0048 | 3b06 488b 

  0x0000026f6ff698b8: ;   {metadata(method data for {method} {0x0000026f56676748} 'readCategoryTable' '([CZ)Lorg/eclipse/jdt/internal/compiler/util/HashtableOfObject;' in 'org/eclipse/jdt/internal/core/index/DiskIndex')}
  0x0000026f6ff698b8: fe48 bbc0 | 1498 566f | 0200 008b | 7f08 49ba | 0000 0012 | 6f02 0000 | 4903 fa48 | 3bbb 780d 
  0x0000026f6ff698d8: 0000 750d | 4883 8380 | 0d00 0001 | e960 0000 | 0048 3bbb | 880d 0000 | 750d 4883 | 8390 0d00 
  0x0000026f6ff698f8: 0001 e94a | 0000 0048 | 83bb 780d | 0000 0075 | 1748 89bb | 780d 0000 | 48c7 8380 | 0d00 0001 
  0x0000026f6ff69918: 0000 00e9 | 2900 0000 | 4883 bb88 | 0d00 0000 | 7517 4889 | bb88 0d00 | 0048 c783 | 900d 0000 
  0x0000026f6ff69938: 0100 0000 | e908 0000 | 0048 8383 | 680d 0000 | 0148 8bd6 | 9048 b8ff | ffff ffff 

  0x0000026f6ff69954: ;   {virtual_call}
  0x0000026f6ff69954: ffff ffe8 

  0x0000026f6ff69958: ; ImmutableOopMap {[136]=Oop [432]=Oop [456]=Oop }
                      ;*invokevirtual close {reexecute=0 rethrow=0 return_oop=0}
                      ; - org.eclipse.jdt.internal.core.index.DiskIndex::readCategoryTable@669 (line 749)
  0x0000026f6ff69958: 2451 cb06 

  0x0000026f6ff6995c: ;   {other}
  0x0000026f6ff6995c: 0f1f 8400 | cc2f 002d | 4c8b 8424 | b001 0000 

  0x0000026f6ff6996c: ; ImmutableOopMap {r8=Oop rax=Oop [136]=Oop [456]=Oop }
                      ;*athrow {reexecute=1 rethrow=0 return_oop=0}
                      ; - (reexecute) org.eclipse.jdt.internal.core.index.DiskIndex::readCategoryTable@674 (line 749)
                      ;   {section_word}
  0x0000026f6ff6996c: 498b c048 | ba6f 99f6 | 6f6f 0200 

  0x0000026f6ff69978: ;   {runtime_call handle_exception_nofpu Runtime1 stub}
  0x0000026f6ff69978: 00e8 8250 | d606 9049 | 8b87 0005 | 0000 4d33 | d24d 8997 | 0005 0000 | 4d33 d24d | 8997 0805 
  0x0000026f6ff69998: 0000 4885 

  0x0000026f6ff6999c: ;   {metadata(method data for {method} {0x0000026f56676748} 'readCategoryTable' '([CZ)Lorg/eclipse/jdt/internal/compiler/util/HashtableOfObject;' in 'org/eclipse/jdt/internal/core/index/DiskIndex')}
  0x0000026f6ff6999c: f649 b8c0 | 1498 566f | 0200 0048 | c7c2 b00d | 0000 7407 | 48c7 c2a0 | 0d00 0049 | 8b3c 1048 
  0x0000026f6ff699bc: 8d7f 0149 | 893c 100f | 8470 0000 | 0048 3bf0 

  0x0000026f6ff699cc: ;   {metadata(method data for {method} {0x0000026f56676748} 'readCategoryTable' '([CZ)Lorg/eclipse/jdt/internal/compiler/util/HashtableOfObject;' in 'org/eclipse/jdt/internal/core/index/DiskIndex')}
  0x0000026f6ff699cc: 49b8 c014 | 9856 6f02 | 0000 48c7 | c2d8 0d00 | 0074 0748 | c7c2 e80d | 0000 498b | 3c10 488d 
  0x0000026f6ff699ec: 7f01 4989 | 3c10 0f84 | 5400 0000 

  0x0000026f6ff699f8: ; implicit exception: dispatches to 0x0000026f6ff69fb0
  0x0000026f6ff699f8: 483b 064c 

  0x0000026f6ff699fc: ;   {metadata(method data for {method} {0x0000026f56676748} 'readCategoryTable' '([CZ)Lorg/eclipse/jdt/internal/compiler/util/HashtableOfObject;' in 'org/eclipse/jdt/internal/core/index/DiskIndex')}
  0x0000026f6ff699fc: 8bc6 48ba | c014 9856 | 6f02 0000 | 4883 82f8 | 0d00 0001 | 4c8b c048 | 8bd6 4889 | b424 b801 
  0x0000026f6ff69a1c: ;   {optimized virtual_call}
  0x0000026f6ff69a1c: 0000 90e8 

  0x0000026f6ff69a20: ; ImmutableOopMap {[136]=Oop [440]=Oop [456]=Oop }
                      ;*invokevirtual addSuppressed {reexecute=0 rethrow=0 return_oop=0}
                      ; - org.eclipse.jdt.internal.core.index.DiskIndex::readCategoryTable@700 (line 749)
  0x0000026f6ff69a20: 5c4d cb06 

  0x0000026f6ff69a24: ;   {other}
  0x0000026f6ff69a24: 0f1f 8400 | 9430 002f | 488b b424 | b801 0000 | e913 0000 

  0x0000026f6ff69a38: ;   {metadata(method data for {method} {0x0000026f56676748} 'readCategoryTable' '([CZ)Lorg/eclipse/jdt/internal/compiler/util/HashtableOfObject;' in 'org/eclipse/jdt/internal/core/index/DiskIndex')}
  0x0000026f6ff69a38: 0048 bac0 | 1498 566f | 0200 00ff | 82c0 0d00 | 0048 8bf0 

  0x0000026f6ff69a4c: ; implicit exception: dispatches to 0x0000026f6ff69fb5
  0x0000026f6ff69a4c: 483b 0648 

  0x0000026f6ff69a50: ; ImmutableOopMap {rax=Oop [136]=Oop [456]=Oop }
                      ;*athrow {reexecute=1 rethrow=0 return_oop=0}
                      ; - (reexecute) org.eclipse.jdt.internal.core.index.DiskIndex::readCategoryTable@705 (line 749)
                      ;   {section_word}
  0x0000026f6ff69a50: 8bc6 48ba | 529a f66f | 6f02 0000 

  0x0000026f6ff69a5c: ;   {runtime_call handle_exception_nofpu Runtime1 stub}
  0x0000026f6ff69a5c: e89f 4fd6 | 0690 488b | b424 8800 | 0000 498b | 8700 0500 | 004d 33d2 | 4d89 9700 | 0500 004d 
  0x0000026f6ff69a7c: 33d2 4d89 | 9708 0500 | 00c7 4650 | 0000 0000 | 488d 1648 | c1ea 0948 | bf00 0088 | 7b6f 0200 
  0x0000026f6ff69a9c: 00c6 043a 

  0x0000026f6ff69aa0: ; ImmutableOopMap {rsi=Oop rax=Oop [136]=Oop [456]=Oop }
                      ;*athrow {reexecute=1 rethrow=0 return_oop=0}
                      ; - (reexecute) org.eclipse.jdt.internal.core.index.DiskIndex::readCategoryTable@715 (line 751)
                      ;   {section_word}
  0x0000026f6ff69aa0: 0048 baa1 | 9af6 6f6f 

  0x0000026f6ff69aa8: ;   {runtime_call handle_exception_nofpu Runtime1 stub}
  0x0000026f6ff69aa8: 0200 00e8 | 504f d606 | 9048 8bb4 | 2488 0000 | 0049 8b87 | 0005 0000 | 4d33 d24d | 8997 0005 
  0x0000026f6ff69ac8: 0000 4d33 | d24d 8997 | 0805 0000 | 8b76 3448 | c1e6 0348 

  0x0000026f6ff69adc: ;   {metadata(method data for {method} {0x0000026f56676748} 'readCategoryTable' '([CZ)Lorg/eclipse/jdt/internal/compiler/util/HashtableOfObject;' in 'org/eclipse/jdt/internal/core/index/DiskIndex')}
  0x0000026f6ff69adc: 3b06 48bf | c014 9856 | 6f02 0000 | 8b76 0849 | ba00 0000 | 126f 0200 | 0049 03f2 | 483b b740 
  0x0000026f6ff69afc: 0e00 0075 | 0d48 8387 | 480e 0000 | 01e9 6000 | 0000 483b | b750 0e00 | 0075 0d48 | 8387 580e 
  0x0000026f6ff69b1c: 0000 01e9 | 4a00 0000 | 4883 bf40 | 0e00 0000 | 7517 4889 | b740 0e00 | 0048 c787 | 480e 0000 
  0x0000026f6ff69b3c: 0100 0000 | e929 0000 | 0048 83bf | 500e 0000 | 0075 1748 | 89b7 500e | 0000 48c7 | 8758 0e00 
  0x0000026f6ff69b5c: 0001 0000 | 00e9 0800 | 0000 4883 | 8730 0e00 

  0x0000026f6ff69b6c: ;   {metadata(method data for {method} {0x0000026f555127e0} 'close' '()V' in 'org/eclipse/jdt/internal/core/index/IndexLocation')}
  0x0000026f6ff69b6c: 0001 48be | e038 9856 | 6f02 0000 | 8bbe cc00 | 0000 83c7 | 0289 becc | 0000 0081 | e7fe ff1f 
  0x0000026f6ff69b8c: 0085 ff0f | 842a 0400 | 00e9 aa0f | 0000 4889 | 5424 0848 

  0x0000026f6ff69ba0: ;   {runtime_call monitorenter_nofpu Runtime1 stub}
  0x0000026f6ff69ba0: 8934 24e8 

  0x0000026f6ff69ba4: ; ImmutableOopMap {rdx=Oop r8=Oop [136]=Oop [456]=Oop }
                      ;*synchronization entry
                      ; - org.eclipse.jdt.internal.core.index.DiskIndex::readCategoryTable@-1 (line 660)
  0x0000026f6ff69ba4: 5866 d606 | e9bc d4ff 

  0x0000026f6ff69bac: ;   {metadata({method} {0x0000026f56676748} 'readCategoryTable' '([CZ)Lorg/eclipse/jdt/internal/compiler/util/HashtableOfObject;' in 'org/eclipse/jdt/internal/core/index/DiskIndex')}
  0x0000026f6ff69bac: ff49 ba40 | 6767 566f | 0200 004c | 8954 2408 | 48c7 0424 | ffff ffff 

  0x0000026f6ff69bc4: ;   {runtime_call counter_overflow Runtime1 stub}
  0x0000026f6ff69bc4: e837 87d6 

  0x0000026f6ff69bc8: ; ImmutableOopMap {rdx=Oop r8=Oop [136]=Oop [456]=Oop }
                      ;*synchronization entry
                      ; - org.eclipse.jdt.internal.core.index.DiskIndex::readCategoryTable@-1 (line 660)
  0x0000026f6ff69bc8: 06e9 c2d4 

  0x0000026f6ff69bcc: ;   {runtime_call throw_null_pointer_exception Runtime1 stub}
  0x0000026f6ff69bcc: ffff e82d 

  0x0000026f6ff69bd0: ; ImmutableOopMap {rdx=Oop r8=Oop rsi=Oop [136]=Oop [456]=Oop }
                      ;*invokevirtual get {reexecute=0 rethrow=0 return_oop=0}
                      ; - org.eclipse.jdt.internal.core.index.DiskIndex::readCategoryTable@5 (line 660)
  0x0000026f6ff69bd0: 36d6 0648 

  0x0000026f6ff69bd4: ;   {runtime_call fast_new_instance Runtime1 stub}
  0x0000026f6ff69bd4: 8bd2 e825 

  0x0000026f6ff69bd8: ; ImmutableOopMap {[136]=Oop [144]=Oop [456]=Oop }
                      ;*new {reexecute=0 rethrow=0 return_oop=0}
                      ; - org.eclipse.jdt.internal.core.index.DiskIndex::readCategoryTable@26 (line 666)
  0x0000026f6ff69bd8: 3fd6 06e9 | bed5 ffff 

  0x0000026f6ff69be0: ;   {runtime_call throw_null_pointer_exception Runtime1 stub}
  0x0000026f6ff69be0: e81b 36d6 

  0x0000026f6ff69be4: ; ImmutableOopMap {rsi=Oop [136]=Oop [144]=Oop [456]=Oop }
                      ;*invokevirtual get {reexecute=0 rethrow=0 return_oop=0}
                      ; - org.eclipse.jdt.internal.core.index.DiskIndex::readCategoryTable@45 (line 668)
  0x0000026f6ff69be4: 0648 8904 

  0x0000026f6ff69be8: ;   {runtime_call throw_class_cast_exception Runtime1 stub}
  0x0000026f6ff69be8: 24e8 125a 

  0x0000026f6ff69bec: ; ImmutableOopMap {[136]=Oop [144]=Oop [456]=Oop }
                      ;*checkcast {reexecute=0 rethrow=0 return_oop=0}
                      ; - org.eclipse.jdt.internal.core.index.DiskIndex::readCategoryTable@48 (line 668)
                      ;   {runtime_call new_type_array Runtime1 stub}
  0x0000026f6ff69bec: d606 e80d 

  0x0000026f6ff69bf0: ; ImmutableOopMap {r8=Oop [136]=Oop [144]=Oop [456]=Oop }
                      ;*newarray {reexecute=0 rethrow=0 return_oop=0}
                      ; - org.eclipse.jdt.internal.core.index.DiskIndex::readCategoryTable@134 (line 684)
  0x0000026f6ff69bf0: 45d6 06e9 | 19d8 ffff 

  0x0000026f6ff69bf8: ;   {runtime_call throw_null_pointer_exception Runtime1 stub}
  0x0000026f6ff69bf8: e803 36d6 

  0x0000026f6ff69bfc: ; ImmutableOopMap {r8=Oop rdx=Oop [136]=Oop [144]=Oop [456]=Oop }
                      ;*invokevirtual getInputStream {reexecute=0 rethrow=0 return_oop=0}
                      ; - org.eclipse.jdt.internal.core.index.DiskIndex::readCategoryTable@149 (line 686)
                      ;   {runtime_call throw_null_pointer_exception Runtime1 stub}
  0x0000026f6ff69bfc: 06e8 fe35 

  0x0000026f6ff69c00: ; ImmutableOopMap {rax=Oop [136]=Oop [144]=Oop [168]=Oop [456]=Oop }
                      ;*invokevirtual skip {reexecute=0 rethrow=0 return_oop=0}
                      ; - org.eclipse.jdt.internal.core.index.DiskIndex::readCategoryTable@158 (line 687)
                      ;   {runtime_call throw_null_pointer_exception Runtime1 stub}
  0x0000026f6ff69c00: d606 e8f9 

  0x0000026f6ff69c04: ; ImmutableOopMap {rdx=Oop r8=Oop [136]=Oop [144]=Oop [168]=Oop [456]=Oop }
                      ;*arraylength {reexecute=0 rethrow=0 return_oop=0}
                      ; - org.eclipse.jdt.internal.core.index.DiskIndex::readCategoryTable@179 (line 689)
  0x0000026f6ff69c04: 35d6 0648 

  0x0000026f6ff69c08: ;   {runtime_call fast_new_instance Runtime1 stub}
  0x0000026f6ff69c08: 8bd2 e8f1 

  0x0000026f6ff69c0c: ; ImmutableOopMap {[136]=Oop [144]=Oop [168]=Oop [456]=Oop }
                      ;*new {reexecute=0 rethrow=0 return_oop=0}
                      ; - org.eclipse.jdt.internal.core.index.DiskIndex::readCategoryTable@194 (line 692)
  0x0000026f6ff69c0c: 3ed6 06e9 | 16db ffff 

  0x0000026f6ff69c14: ;   {metadata({method} {0x0000026f56676748} 'readCategoryTable' '([CZ)Lorg/eclipse/jdt/internal/compiler/util/HashtableOfObject;' in 'org/eclipse/jdt/internal/core/index/DiskIndex')}
  0x0000026f6ff69c14: 49ba 4067 | 6756 6f02 | 0000 4c89 | 5424 0848 | c704 2483 

  0x0000026f6ff69c28: ;   {runtime_call counter_overflow Runtime1 stub}
  0x0000026f6ff69c28: 0100 00e8 

  0x0000026f6ff69c2c: ; ImmutableOopMap {rdx=Oop [136]=Oop [144]=Oop [168]=Oop [184]=Oop [200]=Oop [456]=Oop }
                      ;*if_icmplt {reexecute=1 rethrow=0 return_oop=0}
                      ; - (reexecute) org.eclipse.jdt.internal.core.index.DiskIndex::readCategoryTable@387 (line 701)
  0x0000026f6ff69c2c: d086 d606 | e9cd dbff 

  0x0000026f6ff69c34: ;   {runtime_call new_type_array Runtime1 stub}
  0x0000026f6ff69c34: ffe8 c644 

  0x0000026f6ff69c38: ; ImmutableOopMap {[136]=Oop [144]=Oop [168]=Oop [184]=Oop [200]=Oop [208]=Oop [456]=Oop }
                      ;*newarray {reexecute=0 rethrow=0 return_oop=0}
                      ; - org.eclipse.jdt.internal.core.index.DiskIndex::readCategoryTable@286 (line 709)
  0x0000026f6ff69c38: d606 e935 

  0x0000026f6ff69c3c: ;   {runtime_call new_object_array Runtime1 stub}
  0x0000026f6ff69c3c: ddff ffe8 

  0x0000026f6ff69c40: ; ImmutableOopMap {r11=Oop [136]=Oop [144]=Oop [168]=Oop [184]=Oop [208]=Oop [456]=Oop }
                      ;*anewarray {reexecute=0 rethrow=0 return_oop=0}
                      ; - org.eclipse.jdt.internal.core.index.DiskIndex::readCategoryTable@344 (line 716)
  0x0000026f6ff69c40: bc47 d606 | e9d2 dfff 

  0x0000026f6ff69c48: ;   {runtime_call throw_null_pointer_exception Runtime1 stub}
  0x0000026f6ff69c48: ffe8 b235 

  0x0000026f6ff69c4c: ; ImmutableOopMap {rax=Oop r11=Oop [136]=Oop [144]=Oop [168]=Oop [184]=Oop [456]=Oop }
                      ;*aastore {reexecute=1 rethrow=0 return_oop=0}
                      ; - (reexecute) org.eclipse.jdt.internal.core.index.DiskIndex::readCategoryTable@367 (line 719)
                      ;   {runtime_call throw_null_pointer_exception Runtime1 stub}
  0x0000026f6ff69c4c: d606 e8ad 

  0x0000026f6ff69c50: ; ImmutableOopMap {rax=Oop r11=Oop [136]=Oop [144]=Oop [168]=Oop [184]=Oop [456]=Oop }
                      ;*aastore {reexecute=1 rethrow=0 return_oop=0}
                      ; - (reexecute) org.eclipse.jdt.internal.core.index.DiskIndex::readCategoryTable@367 (line 719)
  0x0000026f6ff69c50: 35d6 0648 | 891c 2448 | 8944 2408 

  0x0000026f6ff69c5c: ;   {runtime_call throw_range_check_failed Runtime1 stub}
  0x0000026f6ff69c5c: e89f 2cd6 

  0x0000026f6ff69c60: ; ImmutableOopMap {rax=Oop r11=Oop [136]=Oop [144]=Oop [168]=Oop [184]=Oop [456]=Oop }
                      ;*aastore {reexecute=1 rethrow=0 return_oop=0}
                      ; - (reexecute) org.eclipse.jdt.internal.core.index.DiskIndex::readCategoryTable@367 (line 719)
                      ;   {runtime_call throw_null_pointer_exception Runtime1 stub}
  0x0000026f6ff69c60: 06e8 9a35 

  0x0000026f6ff69c64: ; ImmutableOopMap {rax=Oop r11=Oop [136]=Oop [144]=Oop [168]=Oop [184]=Oop [456]=Oop }
                      ;*aastore {reexecute=1 rethrow=0 return_oop=0}
                      ; - (reexecute) org.eclipse.jdt.internal.core.index.DiskIndex::readCategoryTable@367 (line 719)
  0x0000026f6ff69c64: d606 4c89 

  0x0000026f6ff69c68: ;   {runtime_call throw_array_store_exception Runtime1 stub}
  0x0000026f6ff69c68: 1c24 e891 

  0x0000026f6ff69c6c: ; ImmutableOopMap {rax=Oop r11=Oop [136]=Oop [144]=Oop [168]=Oop [184]=Oop [456]=Oop }
                      ;*aastore {reexecute=1 rethrow=0 return_oop=0}
                      ; - (reexecute) org.eclipse.jdt.internal.core.index.DiskIndex::readCategoryTable@367 (line 719)
                      ;   {metadata({method} {0x0000026f124163b0} 'valueOf' '(I)Ljava/lang/Integer;' in 'java/lang/Integer')}
  0x0000026f6ff69c6c: 56d6 0649 | baa8 6341 | 126f 0200 | 004c 8954 | 2408 48c7 | 0424 ffff 

  0x0000026f6ff69c84: ;   {runtime_call counter_overflow Runtime1 stub}
  0x0000026f6ff69c84: ffff e875 

  0x0000026f6ff69c88: ; ImmutableOopMap {r11=Oop rax=Oop [136]=Oop [144]=Oop [168]=Oop [184]=Oop [456]=Oop }
                      ;*synchronization entry
                      ; - java.lang.Integer::valueOf@-1
                      ; - org.eclipse.jdt.internal.core.index.DiskIndex::readCategoryTable@374 (line 721)
  0x0000026f6ff69c88: 86d6 06e9 | 5fe1 ffff 

  0x0000026f6ff69c90: ;   {runtime_call fast_new_instance Runtime1 stub}
  0x0000026f6ff69c90: 488b d2e8 

  0x0000026f6ff69c94: ; ImmutableOopMap {r11=Oop [136]=Oop [144]=Oop [168]=Oop [184]=Oop [224]=Oop [456]=Oop }
                      ;*new {reexecute=0 rethrow=0 return_oop=0}
                      ; - java.lang.Integer::valueOf@23
                      ; - org.eclipse.jdt.internal.core.index.DiskIndex::readCategoryTable@374 (line 721)
  0x0000026f6ff69c94: 683e d606 | e90d e2ff 

  0x0000026f6ff69c9c: ;   {metadata({method} {0x0000026f12416b40} '<init>' '(I)V' in 'java/lang/Integer')}
  0x0000026f6ff69c9c: ff49 ba38 | 6b41 126f | 0200 004c | 8954 2408 | 48c7 0424 | ffff ffff 

  0x0000026f6ff69cb4: ;   {runtime_call counter_overflow Runtime1 stub}
  0x0000026f6ff69cb4: e847 86d6 

  0x0000026f6ff69cb8: ; ImmutableOopMap {r11=Oop rax=Oop [136]=Oop [144]=Oop [168]=Oop [184]=Oop [224]=Oop [456]=Oop }
                      ;*synchronization entry
                      ; - java.lang.Integer::<init>@-1
                      ; - java.lang.Integer::valueOf@28
                      ; - org.eclipse.jdt.internal.core.index.DiskIndex::readCategoryTable@374 (line 721)
  0x0000026f6ff69cb8: 06e9 28e2 

  0x0000026f6ff69cbc: ;   {metadata({method} {0x0000026f124176e8} '<init>' '()V' in 'java/lang/Number')}
  0x0000026f6ff69cbc: ffff 49ba | e076 4112 | 6f02 0000 | 4c89 5424 | 0848 c704 | 24ff ffff 

  0x0000026f6ff69cd4: ;   {runtime_call counter_overflow Runtime1 stub}
  0x0000026f6ff69cd4: ffe8 2686 

  0x0000026f6ff69cd8: ; ImmutableOopMap {r11=Oop rax=Oop [136]=Oop [144]=Oop [168]=Oop [184]=Oop [224]=Oop [456]=Oop }
                      ;*synchronization entry
                      ; - java.lang.Number::<init>@-1
                      ; - java.lang.Integer::<init>@1
                      ; - java.lang.Integer::valueOf@28
                      ; - org.eclipse.jdt.internal.core.index.DiskIndex::readCategoryTable@374 (line 721)
  0x0000026f6ff69cd8: d606 e943 

  0x0000026f6ff69cdc: ;   {metadata({method} {0x0000026f12474aa8} '<init>' '()V' in 'java/lang/Object')}
  0x0000026f6ff69cdc: e2ff ff49 | baa0 4a47 | 126f 0200 | 004c 8954 | 2408 48c7 | 0424 ffff 

  0x0000026f6ff69cf4: ;   {runtime_call counter_overflow Runtime1 stub}
  0x0000026f6ff69cf4: ffff e805 

  0x0000026f6ff69cf8: ; ImmutableOopMap {r11=Oop rax=Oop [136]=Oop [144]=Oop [168]=Oop [184]=Oop [224]=Oop [456]=Oop }
                      ;*synchronization entry
                      ; - java.lang.Object::<init>@-1
                      ; - java.lang.Number::<init>@1
                      ; - java.lang.Integer::<init>@1
                      ; - java.lang.Integer::valueOf@28
                      ; - org.eclipse.jdt.internal.core.index.DiskIndex::readCategoryTable@374 (line 721)
  0x0000026f6ff69cf8: 86d6 06e9 | 5ee2 ffff 

  0x0000026f6ff69d00: ;   {runtime_call throw_null_pointer_exception Runtime1 stub}
  0x0000026f6ff69d00: e8fb 34d6 

  0x0000026f6ff69d04: ; ImmutableOopMap {r11=Oop [136]=Oop [144]=Oop [168]=Oop [184]=Oop [224]=Oop [456]=Oop }
                      ;*aaload {reexecute=0 rethrow=0 return_oop=0}
                      ; - java.lang.Integer::valueOf@21
                      ; - org.eclipse.jdt.internal.core.index.DiskIndex::readCategoryTable@374 (line 721)
                      ;   {runtime_call throw_null_pointer_exception Runtime1 stub}
  0x0000026f6ff69d04: 06e8 f634 

  0x0000026f6ff69d08: ; ImmutableOopMap {rax=Oop rcx=Oop [136]=Oop [144]=Oop [168]=Oop [184]=Oop [200]=Oop [456]=Oop }
                      ;*invokevirtual put {reexecute=0 rethrow=0 return_oop=0}
                      ; - org.eclipse.jdt.internal.core.index.DiskIndex::readCategoryTable@403 (line 724)
                      ;   {runtime_call throw_null_pointer_exception Runtime1 stub}
  0x0000026f6ff69d08: d606 e8f1 

  0x0000026f6ff69d0c: ; ImmutableOopMap {rdx=Oop r8=Oop [136]=Oop [184]=Oop [200]=Oop [456]=Oop }
                      ;*invokevirtual close {reexecute=0 rethrow=0 return_oop=0}
                      ; - org.eclipse.jdt.internal.core.index.DiskIndex::readCategoryTable@512 (line 732)
                      ;   {metadata({method} {0x0000026f555127e0} 'close' '()V' in 'org/eclipse/jdt/internal/core/index/IndexLocation')}
  0x0000026f6ff69d0c: 34d6 0649 | bad8 2751 | 556f 0200 | 004c 8954 | 2408 48c7 | 0424 ffff 

  0x0000026f6ff69d24: ;   {runtime_call counter_overflow Runtime1 stub}
  0x0000026f6ff69d24: ffff e8d5 

  0x0000026f6ff69d28: ; ImmutableOopMap {rdx=Oop [136]=Oop [184]=Oop [200]=Oop [456]=Oop }
                      ;*synchronization entry
                      ; - org.eclipse.jdt.internal.core.index.IndexLocation::close@-1 (line 101)
                      ; - org.eclipse.jdt.internal.core.index.DiskIndex::readCategoryTable@512 (line 732)
  0x0000026f6ff69d28: 85d6 06e9 | bae5 ffff 

  0x0000026f6ff69d30: ;   {runtime_call throw_null_pointer_exception Runtime1 stub}
  0x0000026f6ff69d30: e8cb 34d6 

  0x0000026f6ff69d34: ; ImmutableOopMap {rsi=Oop rdx=Oop [136]=Oop [256]=Oop [456]=Oop }
                      ;*getfield valueTable {reexecute=1 rethrow=0 return_oop=0}
                      ; - (reexecute) org.eclipse.jdt.internal.core.index.DiskIndex::readCategoryTable@64 (line 671)
                      ;   {runtime_call throw_null_pointer_exception Runtime1 stub}
  0x0000026f6ff69d34: 06e8 c634 

  0x0000026f6ff69d38: ; ImmutableOopMap {rsi=Oop rdx=Oop rdi=Oop [136]=Oop [240]=Oop [256]=Oop [456]=Oop }
                      ;*arraylength {reexecute=0 rethrow=0 return_oop=0}
                      ; - org.eclipse.jdt.internal.core.index.DiskIndex::readCategoryTable@74 (line 672)
                      ;   {runtime_call throw_null_pointer_exception Runtime1 stub}
  0x0000026f6ff69d38: d606 e8c1 

  0x0000026f6ff69d3c: ; ImmutableOopMap {rax=Oop rdi=Oop [136]=Oop [240]=Oop [256]=Oop [456]=Oop }
                      ;*aastore {reexecute=1 rethrow=0 return_oop=0}
                      ; - (reexecute) org.eclipse.jdt.internal.core.index.DiskIndex::readCategoryTable@104 (line 674)
  0x0000026f6ff69d3c: 34d6 0648 

  0x0000026f6ff69d40: ;   {runtime_call throw_array_store_exception Runtime1 stub}
  0x0000026f6ff69d40: 8904 24e8 

  0x0000026f6ff69d44: ; ImmutableOopMap {rax=Oop rdi=Oop [136]=Oop [240]=Oop [256]=Oop [456]=Oop }
                      ;*aastore {reexecute=1 rethrow=0 return_oop=0}
                      ; - (reexecute) org.eclipse.jdt.internal.core.index.DiskIndex::readCategoryTable@104 (line 674)
  0x0000026f6ff69d44: b855 d606 

  0x0000026f6ff69d48: ;   {metadata({method} {0x0000026f56676748} 'readCategoryTable' '([CZ)Lorg/eclipse/jdt/internal/compiler/util/HashtableOfObject;' in 'org/eclipse/jdt/internal/core/index/DiskIndex')}
  0x0000026f6ff69d48: 49ba 4067 | 6756 6f02 | 0000 4c89 | 5424 0848 | c704 2470 

  0x0000026f6ff69d5c: ;   {runtime_call counter_overflow Runtime1 stub}
  0x0000026f6ff69d5c: 0000 00e8 

  0x0000026f6ff69d60: ; ImmutableOopMap {rdx=Oop rdi=Oop [136]=Oop [240]=Oop [256]=Oop [456]=Oop }
                      ;*if_icmplt {reexecute=1 rethrow=0 return_oop=0}
                      ; - (reexecute) org.eclipse.jdt.internal.core.index.DiskIndex::readCategoryTable@112 (line 672)
  0x0000026f6ff69d60: 9c85 d606 | e954 e9ff 

  0x0000026f6ff69d68: ;   {metadata({method} {0x0000026f12454f60} 'valueOf' '(Ljava/lang/Object;)Ljava/lang/String;' in 'java/lang/String')}
  0x0000026f6ff69d68: ff49 ba58 | 4f45 126f | 0200 004c | 8954 2408 | 48c7 0424 | ffff ffff 

  0x0000026f6ff69d80: ;   {runtime_call counter_overflow Runtime1 stub}
  0x0000026f6ff69d80: e87b 85d6 

  0x0000026f6ff69d84: ; ImmutableOopMap {rsi=Oop rdx=Oop rax=Oop rdi=Oop [136]=Oop [168]=Oop [264]=Oop [456]=Oop }
                      ;*synchronization entry
                      ; - java.lang.String::valueOf@-1
                      ; - org.eclipse.jdt.internal.core.index.DiskIndex::readCategoryTable@214 (line 694)
  0x0000026f6ff69d84: 06e9 ebe9 

  0x0000026f6ff69d88: ;   {runtime_call throw_null_pointer_exception Runtime1 stub}
  0x0000026f6ff69d88: ffff e871 

  0x0000026f6ff69d8c: ; ImmutableOopMap {rdi=Oop [136]=Oop [168]=Oop [264]=Oop [456]=Oop }
                      ;*invokevirtual toString {reexecute=0 rethrow=0 return_oop=0}
                      ; - java.lang.String::valueOf@11
                      ; - org.eclipse.jdt.internal.core.index.DiskIndex::readCategoryTable@214 (line 694)
                      ;   {metadata({method} {0x0000026f55513060} 'toString' '()Ljava/lang/String;' in 'org/eclipse/jdt/internal/core/index/IndexLocation')}
  0x0000026f6ff69d8c: 34d6 0649 | ba58 3051 | 556f 0200 | 004c 8954 | 2408 48c7 | 0424 ffff 

  0x0000026f6ff69da4: ;   {runtime_call counter_overflow Runtime1 stub}
  0x0000026f6ff69da4: ffff e855 

  0x0000026f6ff69da8: ; ImmutableOopMap {rdi=Oop [136]=Oop [168]=Oop [264]=Oop [456]=Oop }
                      ;*synchronization entry
                      ; - org.eclipse.jdt.internal.core.index.IndexLocation::toString@-1 (line 153)
                      ; - java.lang.String::valueOf@11
                      ; - org.eclipse.jdt.internal.core.index.DiskIndex::readCategoryTable@214 (line 694)
  0x0000026f6ff69da8: 85d6 06e9 | d0ea ffff | 488d 8424 | c001 0000 | 4889 0424 

  0x0000026f6ff69dbc: ;   {runtime_call monitorexit_nofpu Runtime1 stub}
  0x0000026f6ff69dbc: e83f 6ad6 | 06e9 10eb 

  0x0000026f6ff69dc4: ;   {internal_word}
  0x0000026f6ff69dc4: ffff 49ba | e188 f66f | 6f02 0000 | 4d89 9768 

  0x0000026f6ff69dd4: ;   {runtime_call SafepointBlob}
  0x0000026f6ff69dd4: 0400 00e9 | 24ad cb06 | 488d 8424 | c001 0000 | 4889 0424 

  0x0000026f6ff69de8: ;   {runtime_call monitorexit_nofpu Runtime1 stub}
  0x0000026f6ff69de8: e813 6ad6 | 06e9 27eb 

  0x0000026f6ff69df0: ;   {internal_word}
  0x0000026f6ff69df0: ffff 49ba | 2b89 f66f | 6f02 0000 | 4d89 9768 

  0x0000026f6ff69e00: ;   {runtime_call SafepointBlob}
  0x0000026f6ff69e00: 0400 00e9 | f8ac cb06 | 48bb 0000 | 0000 0000 | 0000 b800 

  0x0000026f6ff69e14: ;   {runtime_call load_appendix_patching Runtime1 stub}
  0x0000026f6ff69e14: 0f05 0ae8 

  0x0000026f6ff69e18: ; ImmutableOopMap {rdi=Oop [136]=Oop [168]=Oop [264]=Oop [456]=Oop }
                      ;*invokedynamic {reexecute=1 rethrow=0 return_oop=0}
                      ; - (reexecute) org.eclipse.jdt.internal.core.index.DiskIndex::readCategoryTable@220 (line 694)
  0x0000026f6ff69e18: 647d d606 | e927 ebff 

  0x0000026f6ff69e20: ;   {metadata(nullptr)}
  0x0000026f6ff69e20: ff48 ba00 | 0000 0000 | 0000 00b8 | 000f 050a 

  0x0000026f6ff69e30: ;   {runtime_call load_klass_patching Runtime1 stub}
  0x0000026f6ff69e30: e84b 74d6 

  0x0000026f6ff69e34: ; ImmutableOopMap {r8=Oop [136]=Oop [168]=Oop [264]=Oop [456]=Oop }
                      ;*new {reexecute=1 rethrow=0 return_oop=0}
                      ; - (reexecute) org.eclipse.jdt.internal.core.index.DiskIndex::readCategoryTable@227 (line 696)
  0x0000026f6ff69e34: 06e9 56eb 

  0x0000026f6ff69e38: ;   {runtime_call throw_null_pointer_exception Runtime1 stub}
  0x0000026f6ff69e38: ffff e8c1 

  0x0000026f6ff69e3c: ; ImmutableOopMap {r8=Oop [136]=Oop [168]=Oop [264]=Oop [456]=Oop }
                      ;*new {reexecute=0 rethrow=0 return_oop=0}
                      ; - org.eclipse.jdt.internal.core.index.DiskIndex::readCategoryTable@227 (line 696)
  0x0000026f6ff69e3c: 33d6 0648 

  0x0000026f6ff69e40: ;   {runtime_call fast_new_instance_init_check Runtime1 stub}
  0x0000026f6ff69e40: 8bd2 e8b9 

  0x0000026f6ff69e44: ; ImmutableOopMap {r8=Oop [136]=Oop [168]=Oop [264]=Oop [456]=Oop }
                      ;*new {reexecute=0 rethrow=0 return_oop=0}
                      ; - org.eclipse.jdt.internal.core.index.DiskIndex::readCategoryTable@227 (line 696)
  0x0000026f6ff69e44: 3fd6 06e9 | a9eb ffff 

  0x0000026f6ff69e4c: ;   {runtime_call throw_null_pointer_exception Runtime1 stub}
  0x0000026f6ff69e4c: e8af 33d6 

  0x0000026f6ff69e50: ; ImmutableOopMap {rdx=Oop [136]=Oop [168]=Oop [280]=Oop [288]=Oop [296]=Oop [456]=Oop }
                      ;*invokevirtual close {reexecute=0 rethrow=0 return_oop=0}
                      ; - org.eclipse.jdt.internal.core.index.DiskIndex::readCategoryTable@449 (line 728)
                      ;   {runtime_call throw_null_pointer_exception Runtime1 stub}
  0x0000026f6ff69e50: 06e8 aa33 

  0x0000026f6ff69e54: ; ImmutableOopMap {r9=Oop rax=Oop [136]=Oop [320]=Oop [328]=Oop [456]=Oop }
                      ;*invokevirtual addSuppressed {reexecute=0 rethrow=0 return_oop=0}
                      ; - org.eclipse.jdt.internal.core.index.DiskIndex::readCategoryTable@480 (line 728)
                      ;   {runtime_call throw_null_pointer_exception Runtime1 stub}
  0x0000026f6ff69e54: d606 e8a5 

  0x0000026f6ff69e58: ; ImmutableOopMap {r9=Oop [136]=Oop [320]=Oop [328]=Oop [456]=Oop }
                      ;*athrow {reexecute=1 rethrow=0 return_oop=0}
                      ; - (reexecute) org.eclipse.jdt.internal.core.index.DiskIndex::readCategoryTable@485 (line 728)
                      ;   {runtime_call throw_null_pointer_exception Runtime1 stub}
  0x0000026f6ff69e58: 33d6 06e8 

  0x0000026f6ff69e5c: ; ImmutableOopMap {r8=Oop rcx=Oop rsi=Oop rax=Oop rdx=Oop [136]=Oop [456]=Oop }
                      ;*invokevirtual close {reexecute=0 rethrow=0 return_oop=0}
                      ; - org.eclipse.jdt.internal.core.index.DiskIndex::readCategoryTable@502 (line 732)
  0x0000026f6ff69e5c: a033 d606 

  0x0000026f6ff69e60: ;   {metadata({method} {0x0000026f555127e0} 'close' '()V' in 'org/eclipse/jdt/internal/core/index/IndexLocation')}
  0x0000026f6ff69e60: 49ba d827 | 5155 6f02 | 0000 4c89 | 5424 0848 | c704 24ff 

  0x0000026f6ff69e74: ;   {runtime_call counter_overflow Runtime1 stub}
  0x0000026f6ff69e74: ffff ffe8 

  0x0000026f6ff69e78: ; ImmutableOopMap {r8=Oop rcx=Oop rsi=Oop rax=Oop [136]=Oop [456]=Oop }
                      ;*synchronization entry
                      ; - org.eclipse.jdt.internal.core.index.IndexLocation::close@-1 (line 101)
                      ; - org.eclipse.jdt.internal.core.index.DiskIndex::readCategoryTable@502 (line 732)
  0x0000026f6ff69e78: 8484 d606 | e9e4 efff 

  0x0000026f6ff69e80: ;   {metadata({method} {0x0000026f12454f60} 'valueOf' '(Ljava/lang/Object;)Ljava/lang/String;' in 'java/lang/String')}
  0x0000026f6ff69e80: ff49 ba58 | 4f45 126f | 0200 004c | 8954 2408 | 48c7 0424 | ffff ffff 

  0x0000026f6ff69e98: ;   {runtime_call counter_overflow Runtime1 stub}
  0x0000026f6ff69e98: e863 84d6 

  0x0000026f6ff69e9c: ; ImmutableOopMap {rax=Oop rdx=Oop rsi=Oop [136]=Oop [344]=Oop [360]=Oop [368]=Oop [376]=Oop [456]=Oop }
                      ;*synchronization entry
                      ; - java.lang.String::valueOf@-1
                      ; - org.eclipse.jdt.internal.core.index.DiskIndex::readCategoryTable@527 (line 735)
  0x0000026f6ff69e9c: 06e9 5af0 

  0x0000026f6ff69ea0: ;   {runtime_call throw_null_pointer_exception Runtime1 stub}
  0x0000026f6ff69ea0: ffff e859 

  0x0000026f6ff69ea4: ; ImmutableOopMap {rsi=Oop [136]=Oop [344]=Oop [360]=Oop [368]=Oop [376]=Oop [456]=Oop }
                      ;*invokevirtual toString {reexecute=0 rethrow=0 return_oop=0}
                      ; - java.lang.String::valueOf@11
                      ; - org.eclipse.jdt.internal.core.index.DiskIndex::readCategoryTable@527 (line 735)
                      ;   {metadata({method} {0x0000026f55513060} 'toString' '()Ljava/lang/String;' in 'org/eclipse/jdt/internal/core/index/IndexLocation')}
  0x0000026f6ff69ea4: 33d6 0649 | ba58 3051 | 556f 0200 | 004c 8954 | 2408 48c7 | 0424 ffff 

  0x0000026f6ff69ebc: ;   {runtime_call counter_overflow Runtime1 stub}
  0x0000026f6ff69ebc: ffff e83d 

  0x0000026f6ff69ec0: ; ImmutableOopMap {rsi=Oop [136]=Oop [344]=Oop [360]=Oop [368]=Oop [376]=Oop [456]=Oop }
                      ;*synchronization entry
                      ; - org.eclipse.jdt.internal.core.index.IndexLocation::toString@-1 (line 153)
                      ; - java.lang.String::valueOf@11
                      ; - org.eclipse.jdt.internal.core.index.DiskIndex::readCategoryTable@527 (line 735)
  0x0000026f6ff69ec0: 84d6 06e9 | 3ff1 ffff | 49b8 0000 | 0000 0000 | 0000 b800 

  0x0000026f6ff69ed4: ;   {runtime_call load_appendix_patching Runtime1 stub}
  0x0000026f6ff69ed4: 0f05 0ae8 

  0x0000026f6ff69ed8: ; ImmutableOopMap {rsi=Oop [136]=Oop [344]=Oop [360]=Oop [368]=Oop [376]=Oop [456]=Oop }
                      ;*invokedynamic {reexecute=1 rethrow=0 return_oop=0}
                      ; - (reexecute) org.eclipse.jdt.internal.core.index.DiskIndex::readCategoryTable@530 (line 735)
  0x0000026f6ff69ed8: a47c d606 | e94f f1ff 

  0x0000026f6ff69ee0: ;   {runtime_call throw_null_pointer_exception Runtime1 stub}
  0x0000026f6ff69ee0: ffe8 1a33 

  0x0000026f6ff69ee4: ; ImmutableOopMap {rdx=Oop rsi=Oop [136]=Oop [360]=Oop [368]=Oop [456]=Oop }
                      ;*invokevirtual delete {reexecute=0 rethrow=0 return_oop=0}
                      ; - org.eclipse.jdt.internal.core.index.DiskIndex::readCategoryTable@546 (line 738)
                      ;   {metadata({method} {0x0000026f55513990} 'delete' '()Z' in 'org/eclipse/jdt/internal/core/index/FileIndexLocation')}
  0x0000026f6ff69ee4: d606 49ba | 8839 5155 | 6f02 0000 | 4c89 5424 | 0848 c704 | 24ff ffff 

  0x0000026f6ff69efc: ;   {runtime_call counter_overflow Runtime1 stub}
  0x0000026f6ff69efc: ffe8 fe83 

  0x0000026f6ff69f00: ; ImmutableOopMap {rdx=Oop rsi=Oop [136]=Oop [360]=Oop [368]=Oop [456]=Oop }
                      ;*synchronization entry
                      ; - org.eclipse.jdt.internal.core.index.FileIndexLocation::delete@-1 (line 57)
                      ; - org.eclipse.jdt.internal.core.index.DiskIndex::readCategoryTable@546 (line 738)
  0x0000026f6ff69f00: d606 e9f4 

  0x0000026f6ff69f04: ;   {runtime_call throw_null_pointer_exception Runtime1 stub}
  0x0000026f6ff69f04: f1ff ffe8 

  0x0000026f6ff69f08: ; ImmutableOopMap {rdx=Oop rsi=Oop [136]=Oop [360]=Oop [368]=Oop [456]=Oop }
                      ;*invokevirtual delete {reexecute=0 rethrow=0 return_oop=0}
                      ; - org.eclipse.jdt.internal.core.index.FileIndexLocation::delete@4 (line 57)
                      ; - org.eclipse.jdt.internal.core.index.DiskIndex::readCategoryTable@546 (line 738)
  0x0000026f6ff69f08: f432 d606 

  0x0000026f6ff69f0c: ;   {runtime_call throw_null_pointer_exception Runtime1 stub}
  0x0000026f6ff69f0c: e8ef 32d6 

  0x0000026f6ff69f10: ; ImmutableOopMap {rdx=Oop rcx=Oop [136]=Oop [392]=Oop [400]=Oop [456]=Oop }
                      ;*invokevirtual getInputStream {reexecute=0 rethrow=0 return_oop=0}
                      ; - org.eclipse.jdt.internal.core.index.DiskIndex::readCategoryTable@570 (line 742)
                      ;   {runtime_call throw_null_pointer_exception Runtime1 stub}
  0x0000026f6ff69f10: 06e8 ea32 

  0x0000026f6ff69f14: ; ImmutableOopMap {rax=Oop [136]=Oop [392]=Oop [400]=Oop [408]=Oop [456]=Oop }
                      ;*invokevirtual skip {reexecute=0 rethrow=0 return_oop=0}
                      ; - org.eclipse.jdt.internal.core.index.DiskIndex::readCategoryTable@580 (line 743)
                      ;   {runtime_call throw_null_pointer_exception Runtime1 stub}
  0x0000026f6ff69f14: d606 e8e5 

  0x0000026f6ff69f18: ; ImmutableOopMap {rdx=Oop r8=Oop [136]=Oop [392]=Oop [400]=Oop [408]=Oop [456]=Oop }
                      ;*arraylength {reexecute=0 rethrow=0 return_oop=0}
                      ; - org.eclipse.jdt.internal.core.index.DiskIndex::readCategoryTable@601 (line 745)
                      ;   {runtime_call throw_null_pointer_exception Runtime1 stub}
  0x0000026f6ff69f18: 32d6 06e8 

  0x0000026f6ff69f1c: ; ImmutableOopMap {rdx=Oop rax=Oop rdi=Oop [136]=Oop [400]=Oop [408]=Oop [456]=Oop }
                      ;*aaload {reexecute=0 rethrow=0 return_oop=0}
                      ; - org.eclipse.jdt.internal.core.index.DiskIndex::readCategoryTable@620 (line 747)
  0x0000026f6ff69f1c: e032 d606 

  0x0000026f6ff69f20: ;   {runtime_call throw_null_pointer_exception Runtime1 stub}
  0x0000026f6ff69f20: e8db 32d6 

  0x0000026f6ff69f24: ; ImmutableOopMap {rdx=Oop rax=Oop rdi=Oop [136]=Oop [400]=Oop [408]=Oop [456]=Oop }
                      ;*aaload {reexecute=0 rethrow=0 return_oop=0}
                      ; - org.eclipse.jdt.internal.core.index.DiskIndex::readCategoryTable@620 (line 747)
  0x0000026f6ff69f24: 0648 8934 | 2448 8944 

  0x0000026f6ff69f2c: ;   {runtime_call throw_range_check_failed Runtime1 stub}
  0x0000026f6ff69f2c: 2408 e8cd 

  0x0000026f6ff69f30: ; ImmutableOopMap {rdx=Oop rax=Oop rdi=Oop [136]=Oop [400]=Oop [408]=Oop [456]=Oop }
                      ;*aaload {reexecute=0 rethrow=0 return_oop=0}
                      ; - org.eclipse.jdt.internal.core.index.DiskIndex::readCategoryTable@620 (line 747)
                      ;   {runtime_call throw_null_pointer_exception Runtime1 stub}
  0x0000026f6ff69f30: 29d6 06e8 

  0x0000026f6ff69f34: ; ImmutableOopMap {rax=Oop rsi=Oop [136]=Oop [392]=Oop [408]=Oop [416]=Oop [456]=Oop }
                      ;*invokevirtual put {reexecute=0 rethrow=0 return_oop=0}
                      ; - org.eclipse.jdt.internal.core.index.DiskIndex::readCategoryTable@633 (line 747)
  0x0000026f6ff69f34: c832 d606 

  0x0000026f6ff69f38: ;   {metadata({method} {0x0000026f56676748} 'readCategoryTable' '([CZ)Lorg/eclipse/jdt/internal/compiler/util/HashtableOfObject;' in 'org/eclipse/jdt/internal/core/index/DiskIndex')}
  0x0000026f6ff69f38: 49ba 4067 | 6756 6f02 | 0000 4c89 | 5424 0848 | c704 2484 

  0x0000026f6ff69f4c: ;   {runtime_call counter_overflow Runtime1 stub}
  0x0000026f6ff69f4c: 0200 00e8 

  0x0000026f6ff69f50: ; ImmutableOopMap {rdx=Oop rax=Oop rdi=Oop [136]=Oop [400]=Oop [408]=Oop [456]=Oop }
                      ;*if_icmplt {reexecute=1 rethrow=0 return_oop=0}
                      ; - (reexecute) org.eclipse.jdt.internal.core.index.DiskIndex::readCategoryTable@644 (line 746)
  0x0000026f6ff69f50: ac83 d606 | e999 f6ff 

  0x0000026f6ff69f58: ;   {runtime_call throw_null_pointer_exception Runtime1 stub}
  0x0000026f6ff69f58: ffe8 a232 

  0x0000026f6ff69f5c: ; ImmutableOopMap {rdx=Oop rax=Oop [136]=Oop [400]=Oop [456]=Oop }
                      ;*invokevirtual close {reexecute=0 rethrow=0 return_oop=0}
                      ; - org.eclipse.jdt.internal.core.index.DiskIndex::readCategoryTable@732 (line 753)
                      ;   {metadata({method} {0x0000026f555127e0} 'close' '()V' in 'org/eclipse/jdt/internal/core/index/IndexLocation')}
  0x0000026f6ff69f5c: d606 49ba | d827 5155 | 6f02 0000 | 4c89 5424 | 0848 c704 | 24ff ffff 

  0x0000026f6ff69f74: ;   {runtime_call counter_overflow Runtime1 stub}
  0x0000026f6ff69f74: ffe8 8683 

  0x0000026f6ff69f78: ; ImmutableOopMap {rdx=Oop [136]=Oop [400]=Oop [456]=Oop }
                      ;*synchronization entry
                      ; - org.eclipse.jdt.internal.core.index.IndexLocation::close@-1 (line 101)
                      ; - org.eclipse.jdt.internal.core.index.DiskIndex::readCategoryTable@732 (line 753)
  0x0000026f6ff69f78: d606 e9c5 | f8ff ff48 | 8d84 24c0 | 0100 0048 

  0x0000026f6ff69f88: ;   {runtime_call monitorexit_nofpu Runtime1 stub}
  0x0000026f6ff69f88: 8904 24e8 | 7068 d606 | e9fd f8ff 

  0x0000026f6ff69f94: ;   {internal_word}
  0x0000026f6ff69f94: ff49 ba9d | 98f6 6f6f | 0200 004d | 8997 6804 

  0x0000026f6ff69fa4: ;   {runtime_call SafepointBlob}
  0x0000026f6ff69fa4: 0000 e955 

  0x0000026f6ff69fa8: ;   {runtime_call throw_null_pointer_exception Runtime1 stub}
  0x0000026f6ff69fa8: abcb 06e8 

  0x0000026f6ff69fac: ; ImmutableOopMap {rsi=Oop [136]=Oop [408]=Oop [432]=Oop [456]=Oop }
                      ;*invokevirtual close {reexecute=0 rethrow=0 return_oop=0}
                      ; - org.eclipse.jdt.internal.core.index.DiskIndex::readCategoryTable@669 (line 749)
  0x0000026f6ff69fac: 5032 d606 

  0x0000026f6ff69fb0: ;   {runtime_call throw_null_pointer_exception Runtime1 stub}
  0x0000026f6ff69fb0: e84b 32d6 

  0x0000026f6ff69fb4: ; ImmutableOopMap {rsi=Oop rax=Oop [136]=Oop [456]=Oop }
                      ;*invokevirtual addSuppressed {reexecute=0 rethrow=0 return_oop=0}
                      ; - org.eclipse.jdt.internal.core.index.DiskIndex::readCategoryTable@700 (line 749)
                      ;   {runtime_call throw_null_pointer_exception Runtime1 stub}
  0x0000026f6ff69fb4: 06e8 4632 

  0x0000026f6ff69fb8: ; ImmutableOopMap {rsi=Oop [136]=Oop [456]=Oop }
                      ;*athrow {reexecute=1 rethrow=0 return_oop=0}
                      ; - (reexecute) org.eclipse.jdt.internal.core.index.DiskIndex::readCategoryTable@705 (line 749)
                      ;   {runtime_call throw_null_pointer_exception Runtime1 stub}
  0x0000026f6ff69fb8: d606 e841 

  0x0000026f6ff69fbc: ; ImmutableOopMap {rax=Oop rsi=Oop [456]=Oop }
                      ;*invokevirtual close {reexecute=0 rethrow=0 return_oop=0}
                      ; - org.eclipse.jdt.internal.core.index.DiskIndex::readCategoryTable@722 (line 753)
                      ;   {metadata({method} {0x0000026f555127e0} 'close' '()V' in 'org/eclipse/jdt/internal/core/index/IndexLocation')}
  0x0000026f6ff69fbc: 32d6 0649 | bad8 2751 | 556f 0200 | 004c 8954 | 2408 48c7 | 0424 ffff 

  0x0000026f6ff69fd4: ;   {runtime_call counter_overflow Runtime1 stub}
  0x0000026f6ff69fd4: ffff e825 

  0x0000026f6ff69fd8: ; ImmutableOopMap {rax=Oop [456]=Oop }
                      ;*synchronization entry
                      ; - org.eclipse.jdt.internal.core.index.IndexLocation::close@-1 (line 101)
                      ; - org.eclipse.jdt.internal.core.index.DiskIndex::readCategoryTable@722 (line 753)
  0x0000026f6ff69fd8: 83d6 06e9 | b5fb ffff 

  0x0000026f6ff69fe0: ;   {oop(nullptr)}
  0x0000026f6ff69fe0: 49b9 0000 | 0000 0000 | 0000 c784 | 2454 0100 | 00ff ffff | ffc7 8424 | 5001 0000 | 0000 0000 
  0x0000026f6ff6a000: ;   {oop(nullptr)}
  0x0000026f6ff6a000: 49ba 0000 | 0000 0000 | 0000 4c89 | 9424 4801 

  0x0000026f6ff6a010: ;   {oop(nullptr)}
  0x0000026f6ff6a010: 0000 49ba | 0000 0000 | 0000 0000 | 4c89 9424 | 4001 0000 | e91c ecff | ffc7 8424 | 3401 0000 
  0x0000026f6ff6a030: ffff ffff | c784 2430 | 0100 0000 

  0x0000026f6ff6a03c: ;   {oop(nullptr)}
  0x0000026f6ff6a03c: 0000 0049 | ba00 0000 | 0000 0000 | 004c 8994 | 2428 0100 

  0x0000026f6ff6a050: ;   {oop(nullptr)}
  0x0000026f6ff6a050: 0049 ba00 | 0000 0000 | 0000 004c | 8994 2420 | 0100 00e9 | 94ea ffff | c784 2434 | 0100 00ff 
  0x0000026f6ff6a070: ffff ffc7 | 8424 3001 | 0000 0000 

  0x0000026f6ff6a07c: ;   {oop(nullptr)}
  0x0000026f6ff6a07c: 0000 49ba | 0000 0000 | 0000 0000 | 4c89 9424 | 2801 0000 

  0x0000026f6ff6a090: ;   {oop(nullptr)}
  0x0000026f6ff6a090: 49ba 0000 | 0000 0000 | 0000 4c89 | 9424 2001 | 0000 e955 | eaff ffc7 | 8424 3401 | 0000 ffff 
  0x0000026f6ff6a0b0: ffff c784 | 2430 0100 | 0000 0000 

  0x0000026f6ff6a0bc: ;   {oop(nullptr)}
  0x0000026f6ff6a0bc: 0049 ba00 | 0000 0000 | 0000 004c | 8994 2428 

  0x0000026f6ff6a0cc: ;   {oop(nullptr)}
  0x0000026f6ff6a0cc: 0100 0049 | ba00 0000 | 0000 0000 | 004c 8994 | 2420 0100 | 00e9 16ea | ffff c784 | 2434 0100 
  0x0000026f6ff6a0ec: 00ff ffff | ffc7 8424 | 3001 0000 | 0000 0000 

  0x0000026f6ff6a0fc: ;   {oop(nullptr)}
  0x0000026f6ff6a0fc: 49ba 0000 | 0000 0000 | 0000 4c89 | 9424 2801 

  0x0000026f6ff6a10c: ;   {oop(nullptr)}
  0x0000026f6ff6a10c: 0000 49ba | 0000 0000 | 0000 0000 | 4c89 9424 | 2001 0000 | e9d7 e9ff | ff44 8b94 | 24b4 0000 
  0x0000026f6ff6a12c: 0044 8994 | 2434 0100 | 0044 8b94 | 24c0 0000 | 0044 8994 | 2430 0100 | 0048 ffb4 | 24c8 0000 
  0x0000026f6ff6a14c: 0048 8f84 | 2428 0100 | 0048 ffb4 | 24b8 0000 | 0048 8f84 | 2420 0100 | 00e9 92e9 | ffff 448b 
  0x0000026f6ff6a16c: 9424 b400 | 0000 4489 | 9424 3401 | 0000 448b | 9424 c000 | 0000 4489 | 9424 3001 | 0000 48ff 
  0x0000026f6ff6a18c: b424 c800 | 0000 488f | 8424 2801 | 0000 48ff | b424 b800 | 0000 488f | 8424 2001 | 0000 e94d 
  0x0000026f6ff6a1ac: e9ff ff44 | 8b94 24b4 | 0000 0044 | 8994 2434 | 0100 0044 | 8b94 24c0 | 0000 0044 | 8994 2430 
  0x0000026f6ff6a1cc: 0100 0048 | ffb4 24c8 | 0000 0048 | 8f84 2428 | 0100 0048 | ffb4 24b8 | 0000 0048 | 8f84 2420 
  0x0000026f6ff6a1ec: 0100 00e9 | 08e9 ffff | 448b 9424 | b400 0000 | 4489 9424 | 3401 0000 | 448b 9424 | c000 0000 
  0x0000026f6ff6a20c: ;   {no_reloc}
  0x0000026f6ff6a20c: 4489 9424 | 3001 0000 | 48ff b424 | c800 0000 | 488f 8424 | 2801 0000 | 48ff b424 | b800 0000 
  0x0000026f6ff6a22c: 488f 8424 | 2001 0000 | e9c3 e8ff | ff44 8b94 | 24b4 0000 | 0044 8994 | 2434 0100 | 0044 8b94 
  0x0000026f6ff6a24c: 24c0 0000 | 0044 8994 | 2430 0100 | 0048 ffb4 | 24c8 0000 | 0048 8f84 | 2428 0100 | 0048 ffb4 
  0x0000026f6ff6a26c: 24b8 0000 | 0048 8f84 | 2420 0100 | 00e9 7ee8 | ffff 448b | 9424 b400 | 0000 4489 | 9424 3401 
  0x0000026f6ff6a28c: 0000 448b | 9424 c000 | 0000 4489 | 9424 3001 | 0000 48ff | b424 c800 | 0000 488f | 8424 2801 
  0x0000026f6ff6a2ac: 0000 48ff | b424 b800 | 0000 488f | 8424 2001 | 0000 e939 | e8ff ff44 | 8b94 24d8 | 0000 0044 
  0x0000026f6ff6a2cc: 8994 2434 | 0100 0044 | 8b94 24dc | 0000 0044 | 8994 2430 | 0100 0048 | ffb4 24e0 | 0000 0048 
  0x0000026f6ff6a2ec: 8f84 2428 | 0100 0048 | ffb4 24b8 | 0000 0048 | 8f84 2420 | 0100 00e9 | f4e7 ffff | 448b 9424 
  0x0000026f6ff6a30c: ;   {no_reloc}
  0x0000026f6ff6a30c: b400 0000 | 4489 9424 | 3401 0000 | 448b 9424 | c000 0000 | 4489 9424 | 3001 0000 | 48ff b424 
  0x0000026f6ff6a32c: c800 0000 | 488f 8424 | 2801 0000 | 48ff b424 | b800 0000 | 488f 8424 | 2001 0000 | e9af e7ff 
  0x0000026f6ff6a34c: ff44 8b94 | 24b4 0000 | 0044 8994 | 2434 0100 | 0044 8b94 | 24c0 0000 | 0044 8994 | 2430 0100 
  0x0000026f6ff6a36c: 0048 ffb4 | 24c8 0000 | 0048 8f84 | 2428 0100 | 0048 ffb4 | 24b8 0000 | 0048 8f84 | 2420 0100 
  0x0000026f6ff6a38c: 00e9 6ae7 

  0x0000026f6ff6a390: ;   {oop(nullptr)}
  0x0000026f6ff6a390: ffff 49b9 | 0000 0000 | 0000 0000 | 448b 9424 | b400 0000 | 4489 9424 | 5401 0000 | 448b 9424 
  0x0000026f6ff6a3b0: c000 0000 | 4489 9424 | 5001 0000 | 48ff b424 | c800 0000 | 488f 8424 | 4801 0000 | 48ff b424 
  0x0000026f6ff6a3d0: b800 0000 | 488f 8424 | 4001 0000 | e964 e8ff | ffc7 8424 | 3401 0000 | ffff ffff | c784 2430 
  0x0000026f6ff6a3f0: 0100 0000 

  0x0000026f6ff6a3f4: ;   {oop(nullptr)}
  0x0000026f6ff6a3f4: 0000 0049 | ba00 0000 | 0000 0000 | 004c 8994 | 2428 0100 

  0x0000026f6ff6a408: ;   {oop(nullptr)}
  0x0000026f6ff6a408: 0049 ba00 | 0000 0000 | 0000 004c | 8994 2420 | 0100 00e9 | dce6 ffff | c784 2434 | 0100 00ff 
  0x0000026f6ff6a428: ffff ffc7 | 8424 3001 | 0000 0000 

  0x0000026f6ff6a434: ;   {oop(nullptr)}
  0x0000026f6ff6a434: 0000 49ba | 0000 0000 | 0000 0000 | 4c89 9424 | 2801 0000 

  0x0000026f6ff6a448: ;   {oop(nullptr)}
  0x0000026f6ff6a448: 49ba 0000 | 0000 0000 | 0000 4c89 | 9424 2001 | 0000 e99d | e6ff ffc7 | 8424 3401 | 0000 ffff 
  0x0000026f6ff6a468: ffff c784 | 2430 0100 | 0000 0000 

  0x0000026f6ff6a474: ;   {oop(nullptr)}
  0x0000026f6ff6a474: 0049 ba00 | 0000 0000 | 0000 004c | 8994 2428 

  0x0000026f6ff6a484: ;   {oop(nullptr)}
  0x0000026f6ff6a484: 0100 0049 | ba00 0000 | 0000 0000 | 004c 8994 | 2420 0100 | 00e9 5ee6 | ffff c784 | 2434 0100 
  0x0000026f6ff6a4a4: 00ff ffff | ffc7 8424 | 3001 0000 | 0000 0000 

  0x0000026f6ff6a4b4: ;   {oop(nullptr)}
  0x0000026f6ff6a4b4: 49ba 0000 | 0000 0000 | 0000 4c89 | 9424 2801 

  0x0000026f6ff6a4c4: ;   {oop(nullptr)}
  0x0000026f6ff6a4c4: 0000 49ba | 0000 0000 | 0000 0000 | 4c89 9424 | 2001 0000 | e91f e6ff | ffc7 8424 | 3401 0000 
  0x0000026f6ff6a4e4: ffff ffff | c784 2430 | 0100 0000 

  0x0000026f6ff6a4f0: ;   {oop(nullptr)}
  0x0000026f6ff6a4f0: 0000 0049 | ba00 0000 | 0000 0000 | 004c 8994 | 2428 0100 

  0x0000026f6ff6a504: ;   {oop(nullptr)}
  0x0000026f6ff6a504: 0049 ba00 | 0000 0000 | 0000 004c | 8994 2420 | 0100 00e9 | e0e5 ffff | 4c8b 8c24 | 1801 0000 
  0x0000026f6ff6a524: 448b 9424 | 3401 0000 | 4489 9424 | 5401 0000 | 448b 9424 | 3001 0000 | 4489 9424 | 5001 0000 
  0x0000026f6ff6a544: 48ff b424 | 2801 0000 | 488f 8424 | 4801 0000 | 48ff b424 | 2001 0000 | 488f 8424 | 4001 0000 
  0x0000026f6ff6a564: e9dc e6ff | ff4d 8bc8 | 89b4 2454 | 0100 0089 | bc24 5001 | 0000 4889 | 9c24 4801 | 0000 4889 
  0x0000026f6ff6a584: 8c24 4001 | 0000 e9b6 | e6ff ff8b | bc24 5401 | 0000 8b9c | 2450 0100 | 0048 8b8c | 2448 0100 
  0x0000026f6ff6a5a4: 004c 8b84 | 2440 0100 | 00e9 cae7 | ffff 8bbc | 2454 0100 | 008b 9c24 | 5001 0000 | 488b 8c24 
  0x0000026f6ff6a5c4: 4801 0000 | 4c8b 8424 | 4001 0000 | e9a7 e7ff | ff8b bc24 | 5401 0000 | 8b9c 2450 | 0100 0048 
  0x0000026f6ff6a5e4: 8b8c 2448 | 0100 004c | 8b84 2440 | 0100 00e9 | 84e7 ffff | 89bc 2460 | 0100 0089 | 9c24 6401 
  0x0000026f6ff6a604: ;   {no_reloc}
  0x0000026f6ff6a604: 0000 4889 | 8c24 6801 | 0000 4c89 | 8424 7001 | 0000 e95a 

  0x0000026f6ff6a618: ;   {oop(nullptr)}
  0x0000026f6ff6a618: e8ff ff48 | be00 0000 | 0000 0000 | 00e9 55f3 

  0x0000026f6ff6a628: ;   {oop(nullptr)}
  0x0000026f6ff6a628: ffff 48be | 0000 0000 | 0000 0000 | e946 f3ff | ff48 8bb4 | 24b0 0100 | 00e9 39f3 | ffff 498b 
  0x0000026f6ff6a648: f0e9 31f3 

  0x0000026f6ff6a64c: ;   {oop(nullptr)}
  0x0000026f6ff6a64c: ffff 49b9 | 0000 0000 | 0000 0000 | c784 2454 | 0100 00ff | ffff ffc7 | 8424 5001 | 0000 0000 
  0x0000026f6ff6a66c: ;   {oop(nullptr)}
  0x0000026f6ff6a66c: 0000 49ba | 0000 0000 | 0000 0000 | 4c89 9424 | 4801 0000 

  0x0000026f6ff6a680: ;   {oop(nullptr)}
  0x0000026f6ff6a680: 49ba 0000 | 0000 0000 | 0000 4c89 | 9424 4001 | 0000 e9ae | e5ff ffc7 | 8424 3401 | 0000 ffff 
  0x0000026f6ff6a6a0: ffff c784 | 2430 0100 | 0000 0000 

  0x0000026f6ff6a6ac: ;   {oop(nullptr)}
  0x0000026f6ff6a6ac: 0049 ba00 | 0000 0000 | 0000 004c | 8994 2428 

  0x0000026f6ff6a6bc: ;   {oop(nullptr)}
  0x0000026f6ff6a6bc: 0100 0049 | ba00 0000 | 0000 0000 | 004c 8994 | 2420 0100 | 00e9 26e4 | ffff c784 | 2434 0100 
  0x0000026f6ff6a6dc: 00ff ffff | ffc7 8424 | 3001 0000 | 0000 0000 

  0x0000026f6ff6a6ec: ;   {oop(nullptr)}
  0x0000026f6ff6a6ec: 49ba 0000 | 0000 0000 | 0000 4c89 | 9424 2801 

  0x0000026f6ff6a6fc: ;   {oop(nullptr)}
  0x0000026f6ff6a6fc: 0000 49ba | 0000 0000 | 0000 0000 | 4c89 9424 | 2001 0000 | e9e7 e3ff | ffc7 8424 | 3401 0000 
  0x0000026f6ff6a71c: ffff ffff | c784 2430 | 0100 0000 

  0x0000026f6ff6a728: ;   {oop(nullptr)}
  0x0000026f6ff6a728: 0000 0049 | ba00 0000 | 0000 0000 | 004c 8994 | 2428 0100 

  0x0000026f6ff6a73c: ;   {oop(nullptr)}
  0x0000026f6ff6a73c: 0049 ba00 | 0000 0000 | 0000 004c | 8994 2420 | 0100 00e9 | a8e3 ffff | 448b 9424 | b400 0000 
  0x0000026f6ff6a75c: 4489 9424 | 3401 0000 | 448b 9424 | c000 0000 | 4489 9424 | 3001 0000 | 48ff b424 | c800 0000 
  0x0000026f6ff6a77c: 488f 8424 | 2801 0000 | 48ff b424 | b800 0000 | 488f 8424 | 2001 0000 | e963 e3ff | ff44 8b94 
  0x0000026f6ff6a79c: 24b4 0000 | 0044 8994 | 2434 0100 | 0044 8b94 | 24c0 0000 | 0044 8994 | 2430 0100 | 004c 899c 
  0x0000026f6ff6a7bc: 2428 0100 | 0048 ffb4 | 24b8 0000 | 0048 8f84 | 2420 0100 | 00e9 26e3 | ffff 89bc | 2434 0100 
  0x0000026f6ff6a7dc: 0089 9424 | 3001 0000 | 4889 8424 | 2801 0000 | 48ff b424 | b800 0000 | 488f 8424 | 2001 0000 
  0x0000026f6ff6a7fc: e9fb e2ff | ff89 bc24 | 3401 0000 | 8994 2430 | 0100 0048 | 8984 2428 | 0100 0048 | ffb4 24b8 
  0x0000026f6ff6a81c: 0000 0048 | 8f84 2420 | 0100 00e9 | d0e2 ffff | 89bc 2434 | 0100 0089 | 9424 3001 | 0000 4889 
  0x0000026f6ff6a83c: ;   {no_reloc}
  0x0000026f6ff6a83c: 8424 2801 | 0000 48ff | b424 b800 | 0000 488f | 8424 2001 | 0000 e9a5 | e2ff ff44 | 8b94 24d8 
  0x0000026f6ff6a85c: 0000 0044 | 8994 2434 | 0100 0089 | 9c24 3001 | 0000 48ff | b424 e000 | 0000 488f | 8424 2801 
  0x0000026f6ff6a87c: 0000 48ff | b424 b800 | 0000 488f | 8424 2001 | 0000 e969 | e2ff ff44 | 8b94 24d8 | 0000 0044 
  0x0000026f6ff6a89c: 8994 2434 | 0100 0089 | 9c24 3001 | 0000 48ff | b424 e000 | 0000 488f | 8424 2801 | 0000 48ff 
  0x0000026f6ff6a8bc: b424 b800 | 0000 488f | 8424 2001 | 0000 e92d | e2ff ff44 | 8b94 24b4 | 0000 0044 | 8994 2434 
  0x0000026f6ff6a8dc: 0100 0044 | 8b94 24c0 | 0000 0044 | 8994 2430 | 0100 0048 | ffb4 24c8 | 0000 0048 | 8f84 2428 
  0x0000026f6ff6a8fc: 0100 0048 | ffb4 24b8 | 0000 0048 | 8f84 2420 | 0100 00e9 | e8e1 ffff | 448b 9424 | b400 0000 
  0x0000026f6ff6a91c: 4489 9424 | 6001 0000 | 448b 9424 | c000 0000 | 4489 9424 | 6401 0000 | 48ff b424 

  0x0000026f6ff6a938: ;   {no_reloc}
  0x0000026f6ff6a938: c800 0000 | 488f 8424 | 6801 0000 | 48ff b424 | b800 0000 | 488f 8424 | 7001 0000 | e91c e5ff 
  0x0000026f6ff6a958: ffc7 8424 | 3401 0000 | ffff ffff | c784 2430 | 0100 0000 

  0x0000026f6ff6a96c: ;   {oop(nullptr)}
  0x0000026f6ff6a96c: 0000 0049 | ba00 0000 | 0000 0000 | 004c 8994 | 2428 0100 

  0x0000026f6ff6a980: ;   {oop(nullptr)}
  0x0000026f6ff6a980: 0049 ba00 | 0000 0000 | 0000 004c | 8994 2420 | 0100 00e9 | 64e1 ffff | c784 2434 | 0100 00ff 
  0x0000026f6ff6a9a0: ffff ffc7 | 8424 3001 | 0000 0000 

  0x0000026f6ff6a9ac: ;   {oop(nullptr)}
  0x0000026f6ff6a9ac: 0000 49ba | 0000 0000 | 0000 0000 | 4c89 9424 | 2801 0000 

  0x0000026f6ff6a9c0: ;   {oop(nullptr)}
  0x0000026f6ff6a9c0: 49ba 0000 | 0000 0000 | 0000 4c89 | 9424 2001 | 0000 e925 | e1ff ffc7 | 8424 3401 | 0000 ffff 
  0x0000026f6ff6a9e0: ffff c784 | 2430 0100 | 0000 0000 

  0x0000026f6ff6a9ec: ;   {oop(nullptr)}
  0x0000026f6ff6a9ec: 0049 ba00 | 0000 0000 | 0000 004c | 8994 2428 

  0x0000026f6ff6a9fc: ;   {oop(nullptr)}
  0x0000026f6ff6a9fc: 0100 0049 | ba00 0000 | 0000 0000 | 004c 8994 | 2420 0100 | 00e9 e6e0 | ffff c784 | 2434 0100 
  0x0000026f6ff6aa1c: 00ff ffff | ffc7 8424 | 3001 0000 | 0000 0000 

  0x0000026f6ff6aa2c: ;   {oop(nullptr)}
  0x0000026f6ff6aa2c: 49ba 0000 | 0000 0000 | 0000 4c89 | 9424 2801 

  0x0000026f6ff6aa3c: ;   {oop(nullptr)}
  0x0000026f6ff6aa3c: 0000 49ba | 0000 0000 | 0000 0000 | 4c89 9424 | 2001 0000 | e9a7 e0ff | ff4c 8b8c | 2418 0100 
  0x0000026f6ff6aa5c: 0044 8b94 | 2434 0100 | 0044 8994 | 2454 0100 | 0044 8b94 | 2430 0100 | 0044 8994 | 2450 0100 
  0x0000026f6ff6aa7c: 0048 ffb4 | 2428 0100 | 0048 8f84 | 2448 0100 | 0048 ffb4 | 2420 0100 | 0048 8f84 | 2440 0100 
  0x0000026f6ff6aa9c: 00e9 a3e1 | ffff 8bbc | 2454 0100 | 008b 9c24 | 5001 0000 | 488b 8c24 | 4801 0000 | 4c8b 8424 
  0x0000026f6ff6aabc: 4001 0000 | e9b7 e2ff | ff8b bc24 | 5401 0000 | 8b9c 2450 | 0100 0048 | 8b8c 2448 | 0100 004c 
  0x0000026f6ff6aadc: 8b84 2440 | 0100 00e9 | 94e2 ffff | 89bc 2460 | 0100 0089 | 9c24 6401 | 0000 4889 | 8c24 6801 
  0x0000026f6ff6aafc: 0000 4c89 | 8424 7001 | 0000 e96a 

  0x0000026f6ff6ab08: ;   {oop(nullptr)}
  0x0000026f6ff6ab08: e3ff ff48 | be00 0000 | 0000 0000 | 00e9 65ee | ffff 488b | b424 b001 | 0000 e958 | eeff ff49 
  0x0000026f6ff6ab28: 8b87 0005 | 0000 49c7 | 8700 0500 | 0000 0000 | 0049 c787 | 0805 0000 | 0000 0000 | 488b d848 
  0x0000026f6ff6ab48: 8d84 24c0 | 0100 0048 | 8b38 4885 | ff0f 840f | 0000 0048 | 8b70 08f0 | 480f b13e | 0f85 1700 
  0x0000026f6ff6ab68: 0000 49ff | 8f50 0500 | 0048 8bc3 | 4881 c4e0 | 0100 005d 

  0x0000026f6ff6ab7c: ;   {runtime_call unwind_exception Runtime1 stub}
  0x0000026f6ff6ab7c: e97f 17d6 | 0648 8d84 | 24c0 0100 | 0048 8904 

  0x0000026f6ff6ab8c: ;   {runtime_call monitorexit_nofpu Runtime1 stub}
  0x0000026f6ff6ab8c: 24e8 6e5c | d606 ebdd | f4f4 f4f4 
[Stub Code]
  0x0000026f6ff6ab98: ;   {no_reloc}
  0x0000026f6ff6ab98: 0f1f 4400 

  0x0000026f6ff6ab9c: ;   {static_stub}
  0x0000026f6ff6ab9c: 0048 bb00 | 0000 0000 

  0x0000026f6ff6aba4: ;   {runtime_call nmethod}
  0x0000026f6ff6aba4: 0000 00e9 | fbff ffff 

  0x0000026f6ff6abac: ;   {static_stub}
  0x0000026f6ff6abac: 9048 bb00 | 0000 0000 

  0x0000026f6ff6abb4: ;   {runtime_call nmethod}
  0x0000026f6ff6abb4: 0000 00e9 | fbff ffff 

  0x0000026f6ff6abbc: ;   {static_stub}
  0x0000026f6ff6abbc: 9048 bb00 | 0000 0000 

  0x0000026f6ff6abc4: ;   {runtime_call nmethod}
  0x0000026f6ff6abc4: 0000 00e9 | fbff ffff 

  0x0000026f6ff6abcc: ;   {static_stub}
  0x0000026f6ff6abcc: 9048 bb00 | 0000 0000 

  0x0000026f6ff6abd4: ;   {runtime_call nmethod}
  0x0000026f6ff6abd4: 0000 00e9 | fbff ffff 

  0x0000026f6ff6abdc: ;   {static_stub}
  0x0000026f6ff6abdc: 9048 bb00 | 0000 0000 

  0x0000026f6ff6abe4: ;   {runtime_call nmethod}
  0x0000026f6ff6abe4: 0000 00e9 | fbff ffff 

  0x0000026f6ff6abec: ;   {static_stub}
  0x0000026f6ff6abec: 9048 bb00 | 0000 0000 

  0x0000026f6ff6abf4: ;   {runtime_call nmethod}
  0x0000026f6ff6abf4: 0000 00e9 | fbff ffff 

  0x0000026f6ff6abfc: ;   {static_stub}
  0x0000026f6ff6abfc: 9048 bb00 | 0000 0000 

  0x0000026f6ff6ac04: ;   {runtime_call nmethod}
  0x0000026f6ff6ac04: 0000 00e9 | fbff ffff 

  0x0000026f6ff6ac0c: ;   {static_stub}
  0x0000026f6ff6ac0c: 9048 bb00 | 0000 0000 

  0x0000026f6ff6ac14: ;   {runtime_call nmethod}
  0x0000026f6ff6ac14: 0000 00e9 | fbff ffff 

  0x0000026f6ff6ac1c: ;   {static_stub}
  0x0000026f6ff6ac1c: 9048 bb00 | 0000 0000 

  0x0000026f6ff6ac24: ;   {runtime_call nmethod}
  0x0000026f6ff6ac24: 0000 00e9 | fbff ffff 

  0x0000026f6ff6ac2c: ;   {static_stub}
  0x0000026f6ff6ac2c: 9048 bb00 | 0000 0000 

  0x0000026f6ff6ac34: ;   {runtime_call nmethod}
  0x0000026f6ff6ac34: 0000 00e9 | fbff ffff 

  0x0000026f6ff6ac3c: ;   {static_stub}
  0x0000026f6ff6ac3c: 9048 bb00 | 0000 0000 

  0x0000026f6ff6ac44: ;   {runtime_call nmethod}
  0x0000026f6ff6ac44: 0000 00e9 | fbff ffff 

  0x0000026f6ff6ac4c: ;   {static_stub}
  0x0000026f6ff6ac4c: 9048 bb00 | 0000 0000 

  0x0000026f6ff6ac54: ;   {runtime_call nmethod}
  0x0000026f6ff6ac54: 0000 00e9 | fbff ffff 

  0x0000026f6ff6ac5c: ;   {static_stub}
  0x0000026f6ff6ac5c: 9048 bb00 | 0000 0000 

  0x0000026f6ff6ac64: ;   {runtime_call nmethod}
  0x0000026f6ff6ac64: 0000 00e9 | fbff ffff 

  0x0000026f6ff6ac6c: ;   {static_stub}
  0x0000026f6ff6ac6c: 9048 bb00 | 0000 0000 

  0x0000026f6ff6ac74: ;   {runtime_call nmethod}
  0x0000026f6ff6ac74: 0000 00e9 | fbff ffff 

  0x0000026f6ff6ac7c: ;   {static_stub}
  0x0000026f6ff6ac7c: 9048 bb00 | 0000 0000 

  0x0000026f6ff6ac84: ;   {runtime_call nmethod}
  0x0000026f6ff6ac84: 0000 00e9 | fbff ffff 

  0x0000026f6ff6ac8c: ;   {static_stub}
  0x0000026f6ff6ac8c: 9048 bb00 | 0000 0000 

  0x0000026f6ff6ac94: ;   {runtime_call nmethod}
  0x0000026f6ff6ac94: 0000 00e9 | fbff ffff 

  0x0000026f6ff6ac9c: ;   {static_stub}
  0x0000026f6ff6ac9c: 9048 bb00 | 0000 0000 

  0x0000026f6ff6aca4: ;   {runtime_call nmethod}
  0x0000026f6ff6aca4: 0000 00e9 | fbff ffff 

  0x0000026f6ff6acac: ;   {static_stub}
  0x0000026f6ff6acac: 9048 bb00 | 0000 0000 

  0x0000026f6ff6acb4: ;   {runtime_call nmethod}
  0x0000026f6ff6acb4: 0000 00e9 | fbff ffff 

  0x0000026f6ff6acbc: ;   {static_stub}
  0x0000026f6ff6acbc: 9048 bb00 | 0000 0000 

  0x0000026f6ff6acc4: ;   {runtime_call nmethod}
  0x0000026f6ff6acc4: 0000 00e9 | fbff ffff 

  0x0000026f6ff6accc: ;   {static_stub}
  0x0000026f6ff6accc: 9048 bb00 | 0000 0000 

  0x0000026f6ff6acd4: ;   {runtime_call nmethod}
  0x0000026f6ff6acd4: 0000 00e9 | fbff ffff 

  0x0000026f6ff6acdc: ;   {static_stub}
  0x0000026f6ff6acdc: 48bb 0000 | 0000 0000 

  0x0000026f6ff6ace4: ;   {runtime_call nmethod}
  0x0000026f6ff6ace4: 0000 e9fb 

  0x0000026f6ff6ace8: ;   {static_stub}
  0x0000026f6ff6ace8: ffff ff48 | bb80 de67 | 566f 0200 

  0x0000026f6ff6acf4: ;   {runtime_call I2C/C2I adapters}
  0x0000026f6ff6acf4: 00e9 6d8a 

  0x0000026f6ff6acf8: ;   {static_stub}
  0x0000026f6ff6acf8: cb06 48bb | 0000 0000 | 0000 0000 

  0x0000026f6ff6ad04: ;   {runtime_call nmethod}
  0x0000026f6ff6ad04: e9fb ffff 

  0x0000026f6ff6ad08: ;   {static_stub}
  0x0000026f6ff6ad08: ff48 bb00 | 0000 0000 

  0x0000026f6ff6ad10: ;   {runtime_call nmethod}
  0x0000026f6ff6ad10: 0000 00e9 | fbff ffff 

  0x0000026f6ff6ad18: ;   {static_stub}
  0x0000026f6ff6ad18: 48bb 0000 | 0000 0000 

  0x0000026f6ff6ad20: ;   {runtime_call nmethod}
  0x0000026f6ff6ad20: 0000 e9fb 

  0x0000026f6ff6ad24: ;   {static_stub}
  0x0000026f6ff6ad24: ffff ff48 | bb00 0000 | 0000 0000 

  0x0000026f6ff6ad30: ;   {runtime_call nmethod}
  0x0000026f6ff6ad30: 00e9 fbff 

  0x0000026f6ff6ad34: ;   {static_stub}
  0x0000026f6ff6ad34: ffff 48bb | 0000 0000 | 0000 0000 

  0x0000026f6ff6ad40: ;   {runtime_call nmethod}
  0x0000026f6ff6ad40: e9fb ffff 

  0x0000026f6ff6ad44: ;   {static_stub}
  0x0000026f6ff6ad44: ff48 bb00 | 0000 0000 

  0x0000026f6ff6ad4c: ;   {runtime_call nmethod}
  0x0000026f6ff6ad4c: 0000 00e9 | fbff ffff 

  0x0000026f6ff6ad54: ;   {static_stub}
  0x0000026f6ff6ad54: 48bb 0000 | 0000 0000 

  0x0000026f6ff6ad5c: ;   {runtime_call nmethod}
  0x0000026f6ff6ad5c: 0000 e9fb 

  0x0000026f6ff6ad60: ;   {static_stub}
  0x0000026f6ff6ad60: ffff ff48 | bb60 7c67 | 566f 0200 

  0x0000026f6ff6ad6c: ;   {runtime_call I2C/C2I adapters}
  0x0000026f6ff6ad6c: 00e9 f9e7 

  0x0000026f6ff6ad70: ;   {runtime_call handle_exception_from_callee Runtime1 stub}
  0x0000026f6ff6ad70: ca06 e889 

  0x0000026f6ff6ad74: ;   {external_word}
  0x0000026f6ff6ad74: 42d6 0648 | b950 63c6 | 91ff 7f00 | 0048 83e4 

  0x0000026f6ff6ad84: ;   {runtime_call}
  0x0000026f6ff6ad84: f048 b8c0 | c988 91ff | 7f00 00ff 

  0x0000026f6ff6ad90: ;   {section_word}
  0x0000026f6ff6ad90: d0f4 49ba | 92ad f66f | 6f02 0000 

  0x0000026f6ff6ad9c: ;   {runtime_call DeoptimizationBlob}
  0x0000026f6ff6ad9c: 4152 e9fd | 8fcb 06f4 | f4f4 f4f4 
[/MachCode]


---------------  P R O C E S S  ---------------

Threads class SMR info:
_java_thread_list=0x0000026f5d114dc0, length=41, elements={
0x0000026f6adaca10, 0x0000026f6ae6a4f0, 0x0000026f6ae6c4c0, 0x0000026f11c35640,
0x0000026f11c35cd0, 0x0000026f11c36360, 0x0000026f11c37710, 0x0000026f11c3daa0,
0x0000026f11c6fcf0, 0x0000026f11c369f0, 0x0000026f11c37080, 0x0000026f11c37da0,
0x0000026f11c38430, 0x0000026f11c34fb0, 0x0000026f586c39b0, 0x0000026f586c18e0,
0x0000026f586c2c90, 0x0000026f586c0530, 0x0000026f586c3320, 0x0000026f586c4040,
0x0000026f586c46d0, 0x0000026f586c1f70, 0x0000026f586c5a80, 0x0000026f586c2600,
0x0000026f586c6e30, 0x0000026f586c6110, 0x0000026f586c67a0, 0x0000026f586c74c0,
0x0000026f586c7b50, 0x0000026f5a95b0a0, 0x0000026f5a95ebb0, 0x0000026f5a961310,
0x0000026f59b844d0, 0x0000026f59b81d70, 0x0000026f59b83120, 0x0000026f59b82400,
0x0000026f59b83e40, 0x0000026f59b81050, 0x0000026f59b816e0, 0x0000026f59b88670,
0x0000026f59b87fe0
}

Java Threads: ( => current thread )
  0x0000026f6adaca10 JavaThread "main"                              [_thread_blocked, id=2496, stack(0x000000b134c00000,0x000000b134d00000) (1024K)]
  0x0000026f6ae6a4f0 JavaThread "Reference Handler"          daemon [_thread_blocked, id=25140, stack(0x000000b135000000,0x000000b135100000) (1024K)]
  0x0000026f6ae6c4c0 JavaThread "Finalizer"                  daemon [_thread_blocked, id=33000, stack(0x000000b135100000,0x000000b135200000) (1024K)]
  0x0000026f11c35640 JavaThread "Signal Dispatcher"          daemon [_thread_blocked, id=4044, stack(0x000000b135200000,0x000000b135300000) (1024K)]
  0x0000026f11c35cd0 JavaThread "Attach Listener"            daemon [_thread_blocked, id=10832, stack(0x000000b135300000,0x000000b135400000) (1024K)]
  0x0000026f11c36360 JavaThread "Service Thread"             daemon [_thread_blocked, id=34560, stack(0x000000b135400000,0x000000b135500000) (1024K)]
  0x0000026f11c37710 JavaThread "Monitor Deflation Thread"   daemon [_thread_blocked, id=33528, stack(0x000000b135500000,0x000000b135600000) (1024K)]
  0x0000026f11c3daa0 JavaThread "C2 CompilerThread0"         daemon [_thread_blocked, id=15204, stack(0x000000b135600000,0x000000b135700000) (1024K)]
  0x0000026f11c6fcf0 JavaThread "C1 CompilerThread0"         daemon [_thread_blocked, id=23900, stack(0x000000b135700000,0x000000b135800000) (1024K)]
  0x0000026f11c369f0 JavaThread "Common-Cleaner"             daemon [_thread_blocked, id=37092, stack(0x000000b135800000,0x000000b135900000) (1024K)]
  0x0000026f11c37080 JavaThread "Notification Thread"        daemon [_thread_blocked, id=35668, stack(0x000000b135900000,0x000000b135a00000) (1024K)]
  0x0000026f11c37da0 JavaThread "Active Thread: Equinox Container: 628f8aa7-3073-46c1-98d7-0ff8aa233e56"        [_thread_blocked, id=6096, stack(0x000000b135a00000,0x000000b135b00000) (1024K)]
  0x0000026f11c38430 JavaThread "Refresh Thread: Equinox Container: 628f8aa7-3073-46c1-98d7-0ff8aa233e56" daemon [_thread_blocked, id=21836, stack(0x000000b136000000,0x000000b136100000) (1024K)]
  0x0000026f11c34fb0 JavaThread "Framework Event Dispatcher: Equinox Container: 628f8aa7-3073-46c1-98d7-0ff8aa233e56" daemon [_thread_blocked, id=2832, stack(0x000000b136100000,0x000000b136200000) (1024K)]
  0x0000026f586c39b0 JavaThread "Start Level: Equinox Container: 628f8aa7-3073-46c1-98d7-0ff8aa233e56" daemon [_thread_blocked, id=5912, stack(0x000000b136200000,0x000000b136300000) (1024K)]
  0x0000026f586c18e0 JavaThread "Bundle File Closer"         daemon [_thread_blocked, id=15392, stack(0x000000b136300000,0x000000b136400000) (1024K)]
  0x0000026f586c2c90 JavaThread "SCR Component Actor"        daemon [_thread_blocked, id=14172, stack(0x000000b136400000,0x000000b136500000) (1024K)]
  0x0000026f586c0530 JavaThread "Worker-JM"                         [_thread_blocked, id=33856, stack(0x000000b136600000,0x000000b136700000) (1024K)]
  0x0000026f586c3320 JavaThread "JNA Cleaner"                daemon [_thread_blocked, id=18336, stack(0x000000b136500000,0x000000b136600000) (1024K)]
  0x0000026f586c4040 JavaThread "Worker-0"                          [_thread_blocked, id=31540, stack(0x000000b136800000,0x000000b136900000) (1024K)]
=>0x0000026f586c46d0 JavaThread "Java indexing"              daemon [_thread_in_vm, id=22228, stack(0x000000b136a00000,0x000000b136b00000) (1024K)]
  0x0000026f586c1f70 JavaThread "Thread-1"                   daemon [_thread_in_native, id=33848, stack(0x000000b137000000,0x000000b137100000) (1024K)]
  0x0000026f586c5a80 JavaThread "Thread-2"                   daemon [_thread_in_native, id=18860, stack(0x000000b137100000,0x000000b137200000) (1024K)]
  0x0000026f586c2600 JavaThread "Thread-3"                   daemon [_thread_in_native, id=32348, stack(0x000000b137200000,0x000000b137300000) (1024K)]
  0x0000026f586c6e30 JavaThread "Thread-4"                   daemon [_thread_in_native, id=33016, stack(0x000000b137300000,0x000000b137400000) (1024K)]
  0x0000026f586c6110 JavaThread "Thread-5"                   daemon [_thread_in_native, id=12484, stack(0x000000b137400000,0x000000b137500000) (1024K)]
  0x0000026f586c67a0 JavaThread "Thread-6"                   daemon [_thread_in_native, id=30216, stack(0x000000b137500000,0x000000b137600000) (1024K)]
  0x0000026f586c74c0 JavaThread "Thread-7"                   daemon [_thread_in_native, id=36516, stack(0x000000b137600000,0x000000b137700000) (1024K)]
  0x0000026f586c7b50 JavaThread "pool-2-thread-1"                   [_thread_blocked, id=37848, stack(0x000000b137700000,0x000000b137800000) (1024K)]
  0x0000026f5a95b0a0 JavaThread "WorkspaceEventsHandler"            [_thread_blocked, id=11432, stack(0x000000b137800000,0x000000b137900000) (1024K)]
  0x0000026f5a95ebb0 JavaThread "pool-1-thread-1"                   [_thread_blocked, id=33112, stack(0x000000b137900000,0x000000b137a00000) (1024K)]
  0x0000026f5a961310 JavaThread "Worker-6"                          [_thread_blocked, id=13492, stack(0x000000b134b00000,0x000000b134c00000) (1024K)]
  0x0000026f59b844d0 JavaThread "ForkJoinPool.commonPool-worker-6" daemon [_thread_blocked, id=27524, stack(0x000000b136700000,0x000000b136800000) (1024K)]
  0x0000026f59b81d70 JavaThread "ForkJoinPool.commonPool-worker-7" daemon [_thread_blocked, id=7524, stack(0x000000b136900000,0x000000b136a00000) (1024K)]
  0x0000026f59b83120 JavaThread "ForkJoinPool.commonPool-worker-8" daemon [_thread_blocked, id=11232, stack(0x000000b136b00000,0x000000b136c00000) (1024K)]
  0x0000026f59b82400 JavaThread "ForkJoinPool.commonPool-worker-9" daemon [_thread_blocked, id=20672, stack(0x000000b136c00000,0x000000b136d00000) (1024K)]
  0x0000026f59b83e40 JavaThread "Worker-9"                          [_thread_blocked, id=13372, stack(0x000000b134a00000,0x000000b134b00000) (1024K)]
  0x0000026f59b81050 JavaThread "Compiler Source File Reader" daemon [_thread_blocked, id=37548, stack(0x000000b136e00000,0x000000b136f00000) (1024K)]
  0x0000026f59b816e0 JavaThread "Compiler Processing Task"   daemon [_thread_blocked, id=6300, stack(0x000000b136f00000,0x000000b137000000) (1024K)]
  0x0000026f59b88670 JavaThread "Compiler Source File Reader" daemon [_thread_blocked, id=33132, stack(0x000000b136d00000,0x000000b136e00000) (1024K)]
  0x0000026f59b87fe0 JavaThread "Worker-10"                         [_thread_blocked, id=22444, stack(0x000000b137a00000,0x000000b137b00000) (1024K)]
Total: 41

Other Threads:
  0x0000026f11c30a10 VMThread "VM Thread"                           [id=36724, stack(0x000000b134f00000,0x000000b135000000) (1024K)] _threads_hazard_ptr=0x0000026f5d114dc0
  0x0000026f11b8ca10 WatcherThread "VM Periodic Task Thread"        [id=35464, stack(0x000000b134e00000,0x000000b134f00000) (1024K)]
  0x0000026f6adcaa90 WorkerThread "GC Thread#0"                     [id=9440, stack(0x000000b134d00000,0x000000b134e00000) (1024K)]
  0x0000026f5860e980 WorkerThread "GC Thread#1"                     [id=14332, stack(0x000000b135b00000,0x000000b135c00000) (1024K)]
  0x0000026f5860f8a0 WorkerThread "GC Thread#2"                     [id=27544, stack(0x000000b135c00000,0x000000b135d00000) (1024K)]
  0x0000026f584960e0 WorkerThread "GC Thread#3"                     [id=27468, stack(0x000000b135d00000,0x000000b135e00000) (1024K)]
  0x0000026f58496490 WorkerThread "GC Thread#4"                     [id=33396, stack(0x000000b135e00000,0x000000b135f00000) (1024K)]
  0x0000026f58496840 WorkerThread "GC Thread#5"                     [id=36376, stack(0x000000b135f00000,0x000000b136000000) (1024K)]
Total: 8

Threads with active compile tasks:
Total: 0

VM state: synchronizing (normal execution)

VM Mutex/Monitor currently owned by a thread:  ([mutex/lock_event])
[0x00007fff91f1f5b0] Threads_lock - owner thread: 0x0000026f11c30a10
[0x00007fff91f1f6b0] Heap_lock - owner thread: 0x0000026f586c46d0
[0x00007fff91f1fb30] PSOldGenExpand_lock - owner thread: 0x0000026f586c46d0

Heap address: 0x0000000600000000, size: 8192 MB, Compressed Oops mode: Zero based, Oop shift amount: 3

CDS archive(s) mapped at: [0x0000026f12000000-0x0000026f12ba0000-0x0000026f12ba0000), size 12189696, SharedBaseAddress: 0x0000026f12000000, ArchiveRelocationMode: 1.
Compressed class space mapped at: 0x0000026f13000000-0x0000026f53000000, reserved size: 1073741824
Narrow klass base: 0x0000026f12000000, Narrow klass shift: 0, Narrow klass range: 0x100000000

GC Precious Log:
 CardTable entry size: 512
 CPUs: 6 total, 6 available
 Memory: 7541M
 Large Page Support: Disabled
 NUMA Support: Disabled
 Compressed Oops: Enabled (Zero based)
 Alignments: Space 512K, Generation 512K, Heap 2M
 Heap Min Capacity: 100M
 Heap Initial Capacity: 100M
 Heap Max Capacity: 8G
 Pre-touch: Disabled
 Parallel Workers: 6

Heap:
 PSYoungGen      total 4096K, used 583K [0x0000000755580000, 0x0000000755a80000, 0x0000000800000000)
  eden space 3584K, 9% used [0x0000000755580000,0x00000007555d1ff0,0x0000000755900000)
  from space 512K, 50% used [0x0000000755a00000,0x0000000755a40000,0x0000000755a80000)
  to   space 512K, 0% used [0x0000000755980000,0x0000000755980000,0x0000000755a00000)
 ParOldGen       total 123392K, used 86599K [0x0000000600000000, 0x0000000755580000, 0x0000000755580000)
  object space 123392K, 70% used [0x0000000600000000,0x0000000605491f50,0x0000000607880000)
 Metaspace       used 77827K, committed 79488K, reserved 1179648K
  class space    used 8060K, committed 8832K, reserved 1048576K

Card table byte_map: [0x0000026f7e880000,0x0000026f7f890000] _byte_map_base: 0x0000026f7b880000

Marking Bits: (ParMarkBitMap*) 0x00007fff91f244a0
 Begin Bits: [0x0000026f00ab0000, 0x0000026f08ab0000)
 End Bits:   [0x0000026f08ab0000, 0x0000026f10ab0000)

Polling page: 0x0000026f6aaa0000

Metaspace:

Usage:
  Non-class:     68.13 MB used.
      Class:      7.87 MB used.
       Both:     76.00 MB used.

Virtual space:
  Non-class space:      128.00 MB reserved,      69.00 MB ( 54%) committed,  2 nodes.
      Class space:        1.00 GB reserved,       8.62 MB ( <1%) committed,  1 nodes.
             Both:        1.12 GB reserved,      77.62 MB (  7%) committed. 

Chunk freelists:
   Non-Class:  10.72 MB
       Class:  7.42 MB
        Both:  18.14 MB

MaxMetaspaceSize: unlimited
CompressedClassSpaceSize: 1.00 GB
Initial GC threshold: 21.00 MB
Current GC threshold: 127.81 MB
CDS: on
 - commit_granule_bytes: 65536.
 - commit_granule_words: 8192.
 - virtual_space_node_default_size: 8388608.
 - enlarge_chunks_in_place: 1.
 - use_allocation_guard: 0.


Internal statistics:

num_allocs_failed_limit: 9.
num_arena_births: 1384.
num_arena_deaths: 18.
num_vsnodes_births: 3.
num_vsnodes_deaths: 0.
num_space_committed: 1242.
num_space_uncommitted: 0.
num_chunks_returned_to_freelist: 28.
num_chunks_taken_from_freelist: 4925.
num_chunk_merges: 12.
num_chunk_splits: 2995.
num_chunks_enlarged: 1701.
num_inconsistent_stats: 0.

CodeHeap 'non-profiled nmethods': size=120000Kb used=12853Kb max_used=12853Kb free=107146Kb
 bounds [0x0000026f77170000, 0x0000026f77e00000, 0x0000026f7e6a0000]
CodeHeap 'profiled nmethods': size=120000Kb used=36398Kb max_used=37219Kb free=83601Kb
 bounds [0x0000026f6f6a0000, 0x0000026f71b40000, 0x0000026f76bd0000]
CodeHeap 'non-nmethods': size=5760Kb used=1494Kb max_used=1637Kb free=4265Kb
 bounds [0x0000026f76bd0000, 0x0000026f76e40000, 0x0000026f77170000]
CodeCache: size=245760Kb, used=50745Kb, max_used=51709Kb, free=195012Kb
 total_blobs=15777, nmethods=14966, adapters=714, full_count=0
Compilation: enabled, stopped_count=0, restarted_count=0

Compilation events (20 events):
Event: 3997.192 Thread 0x0000026f11c6fcf0 16637       1       org.eclipse.core.internal.content.ContentType::getCatalog (5 bytes)
Event: 3997.192 Thread 0x0000026f11c6fcf0 nmethod 16637 0x0000026f77df8110 code [0x0000026f77df82a0, 0x0000026f77df8370]
Event: 3997.208 Thread 0x0000026f11c3daa0 16638       4       org.eclipse.jdt.internal.compiler.util.HashtableOfObject::rehash (84 bytes)
Event: 3997.217 Thread 0x0000026f11c3daa0 nmethod 16638 0x0000026f77df8410 code [0x0000026f77df8660, 0x0000026f77df9190]
Event: 3997.243 Thread 0x0000026f11c3daa0 16639 %     4       org.eclipse.jdt.internal.core.index.DiskIndex::writeCategoryTable @ 22 (252 bytes)
Event: 3997.248 Thread 0x0000026f11c6fcf0 16640       3       org.eclipse.jdt.internal.core.index.DiskIndex::writeDocumentNumbers (384 bytes)
Event: 3997.249 Thread 0x0000026f11c6fcf0 nmethod 16640 0x0000026f70571c10 code [0x0000026f70571ea0, 0x0000026f70572be0]
Event: 3997.286 Thread 0x0000026f11c3daa0 nmethod 16639% 0x0000026f77df9690 code [0x0000026f77df99e0, 0x0000026f77dfbd28]
Event: 3997.640 Thread 0x0000026f11c6fcf0 16641   !   3       java.io.PrintWriter::implNewLine (48 bytes)
Event: 3997.641 Thread 0x0000026f11c6fcf0 nmethod 16641 0x0000026f6fbbf790 code [0x0000026f6fbbf9c0, 0x0000026f6fbc0008]
Event: 3997.641 Thread 0x0000026f11c6fcf0 16642   !   3       java.io.PrintWriter::newLine (63 bytes)
Event: 3997.641 Thread 0x0000026f11c6fcf0 nmethod 16642 0x0000026f6f7c2690 code [0x0000026f6f7c2940, 0x0000026f6f7c37a0]
Event: 3997.641 Thread 0x0000026f11c6fcf0 16643       3       java.lang.StringUTF16::charAt (11 bytes)
Event: 3997.842 Thread 0x0000026f11c6fcf0 nmethod 16643 0x0000026f701bc010 code [0x0000026f701bc1c0, 0x0000026f701bc428]
Event: 3997.842 Thread 0x0000026f11c3daa0 16644       4       java.util.concurrent.CountDownLatch$Sync::tryAcquireShared (13 bytes)
Event: 3997.843 Thread 0x0000026f11c3daa0 nmethod 16644 0x0000026f77dfce90 code [0x0000026f77dfd020, 0x0000026f77dfd0c0]
Event: 3997.843 Thread 0x0000026f11c6fcf0 16645       3       org.eclipse.core.internal.jobs.JobManager::startJob (89 bytes)
Event: 3997.844 Thread 0x0000026f11c6fcf0 nmethod 16645 0x0000026f70166b90 code [0x0000026f70166e40, 0x0000026f70167ca8]
Event: 3997.844 Thread 0x0000026f11c6fcf0 16646       3       java.lang.StringCoding::implEncodeAsciiArray (47 bytes)
Event: 3997.844 Thread 0x0000026f11c6fcf0 nmethod 16646 0x0000026f701db610 code [0x0000026f701db7c0, 0x0000026f701db9f8]

GC Heap History (20 events):
Event: 3995.952 GC heap before
{Heap before GC invocations=217 (full 4):
 PSYoungGen      total 3072K, used 2822K [0x0000000755580000, 0x0000000755a00000, 0x0000000800000000)
  eden space 2560K, 98% used [0x0000000755580000,0x00000007557f9940,0x0000000755800000)
  from space 512K, 56% used [0x0000000755980000,0x00000007559c8000,0x0000000755a00000)
  to   space 512K, 0% used [0x0000000755900000,0x0000000755900000,0x0000000755980000)
 ParOldGen       total 123392K, used 83238K [0x0000000600000000, 0x0000000607880000, 0x0000000755580000)
  object space 123392K, 67% used [0x0000000600000000,0x0000000605149ab8,0x0000000607880000)
 Metaspace       used 77526K, committed 79168K, reserved 1179648K
  class space    used 7995K, committed 8704K, reserved 1048576K
}
Event: 3995.953 GC heap after
{Heap after GC invocations=217 (full 4):
 PSYoungGen      total 3072K, used 448K [0x0000000755580000, 0x0000000755a00000, 0x0000000800000000)
  eden space 2560K, 0% used [0x0000000755580000,0x0000000755580000,0x0000000755800000)
  from space 512K, 87% used [0x0000000755900000,0x0000000755970020,0x0000000755980000)
  to   space 512K, 0% used [0x0000000755980000,0x0000000755980000,0x0000000755a00000)
 ParOldGen       total 123392K, used 83398K [0x0000000600000000, 0x0000000607880000, 0x0000000755580000)
  object space 123392K, 67% used [0x0000000600000000,0x0000000605171ab8,0x0000000607880000)
 Metaspace       used 77526K, committed 79168K, reserved 1179648K
  class space    used 7995K, committed 8704K, reserved 1048576K
}
Event: 3996.222 GC heap before
{Heap before GC invocations=218 (full 4):
 PSYoungGen      total 3072K, used 3008K [0x0000000755580000, 0x0000000755a00000, 0x0000000800000000)
  eden space 2560K, 100% used [0x0000000755580000,0x0000000755800000,0x0000000755800000)
  from space 512K, 87% used [0x0000000755900000,0x0000000755970020,0x0000000755980000)
  to   space 512K, 0% used [0x0000000755980000,0x0000000755980000,0x0000000755a00000)
 ParOldGen       total 123392K, used 83398K [0x0000000600000000, 0x0000000607880000, 0x0000000755580000)
  object space 123392K, 67% used [0x0000000600000000,0x0000000605171ab8,0x0000000607880000)
 Metaspace       used 77674K, committed 79296K, reserved 1179648K
  class space    used 8033K, committed 8768K, reserved 1048576K
}
Event: 3996.227 GC heap after
{Heap after GC invocations=218 (full 4):
 PSYoungGen      total 3072K, used 192K [0x0000000755580000, 0x0000000755a00000, 0x0000000800000000)
  eden space 2560K, 0% used [0x0000000755580000,0x0000000755580000,0x0000000755800000)
  from space 512K, 37% used [0x0000000755980000,0x00000007559b0000,0x0000000755a00000)
  to   space 512K, 0% used [0x0000000755900000,0x0000000755900000,0x0000000755980000)
 ParOldGen       total 123392K, used 83725K [0x0000000600000000, 0x0000000607880000, 0x0000000755580000)
  object space 123392K, 67% used [0x0000000600000000,0x00000006051c3548,0x0000000607880000)
 Metaspace       used 77674K, committed 79296K, reserved 1179648K
  class space    used 8033K, committed 8768K, reserved 1048576K
}
Event: 3996.256 GC heap before
{Heap before GC invocations=219 (full 4):
 PSYoungGen      total 3072K, used 2752K [0x0000000755580000, 0x0000000755a00000, 0x0000000800000000)
  eden space 2560K, 100% used [0x0000000755580000,0x0000000755800000,0x0000000755800000)
  from space 512K, 37% used [0x0000000755980000,0x00000007559b0000,0x0000000755a00000)
  to   space 512K, 0% used [0x0000000755900000,0x0000000755900000,0x0000000755980000)
 ParOldGen       total 123392K, used 83725K [0x0000000600000000, 0x0000000607880000, 0x0000000755580000)
  object space 123392K, 67% used [0x0000000600000000,0x00000006051c3548,0x0000000607880000)
 Metaspace       used 77674K, committed 79296K, reserved 1179648K
  class space    used 8033K, committed 8768K, reserved 1048576K
}
Event: 3996.264 GC heap after
{Heap after GC invocations=219 (full 4):
 PSYoungGen      total 3072K, used 512K [0x0000000755580000, 0x0000000755a00000, 0x0000000800000000)
  eden space 2560K, 0% used [0x0000000755580000,0x0000000755580000,0x0000000755800000)
  from space 512K, 100% used [0x0000000755900000,0x0000000755980000,0x0000000755980000)
  to   space 512K, 0% used [0x0000000755980000,0x0000000755980000,0x0000000755a00000)
 ParOldGen       total 123392K, used 83877K [0x0000000600000000, 0x0000000607880000, 0x0000000755580000)
  object space 123392K, 67% used [0x0000000600000000,0x00000006051e9568,0x0000000607880000)
 Metaspace       used 77674K, committed 79296K, reserved 1179648K
  class space    used 8033K, committed 8768K, reserved 1048576K
}
Event: 3996.417 GC heap before
{Heap before GC invocations=220 (full 4):
 PSYoungGen      total 3072K, used 3071K [0x0000000755580000, 0x0000000755a00000, 0x0000000800000000)
  eden space 2560K, 99% used [0x0000000755580000,0x00000007557fffc8,0x0000000755800000)
  from space 512K, 100% used [0x0000000755900000,0x0000000755980000,0x0000000755980000)
  to   space 512K, 0% used [0x0000000755980000,0x0000000755980000,0x0000000755a00000)
 ParOldGen       total 123392K, used 83877K [0x0000000600000000, 0x0000000607880000, 0x0000000755580000)
  object space 123392K, 67% used [0x0000000600000000,0x00000006051e9568,0x0000000607880000)
 Metaspace       used 77677K, committed 79296K, reserved 1179648K
  class space    used 8033K, committed 8768K, reserved 1048576K
}
Event: 3996.421 GC heap after
{Heap after GC invocations=220 (full 4):
 PSYoungGen      total 3072K, used 442K [0x0000000755580000, 0x0000000755a00000, 0x0000000800000000)
  eden space 2560K, 0% used [0x0000000755580000,0x0000000755580000,0x0000000755800000)
  from space 512K, 86% used [0x0000000755980000,0x00000007559ee900,0x0000000755a00000)
  to   space 1024K, 0% used [0x0000000755800000,0x0000000755800000,0x0000000755900000)
 ParOldGen       total 123392K, used 84357K [0x0000000600000000, 0x0000000607880000, 0x0000000755580000)
  object space 123392K, 68% used [0x0000000600000000,0x0000000605261568,0x0000000607880000)
 Metaspace       used 77677K, committed 79296K, reserved 1179648K
  class space    used 8033K, committed 8768K, reserved 1048576K
}
Event: 3996.453 GC heap before
{Heap before GC invocations=221 (full 4):
 PSYoungGen      total 3072K, used 3002K [0x0000000755580000, 0x0000000755a00000, 0x0000000800000000)
  eden space 2560K, 99% used [0x0000000755580000,0x00000007557ffff0,0x0000000755800000)
  from space 512K, 86% used [0x0000000755980000,0x00000007559ee900,0x0000000755a00000)
  to   space 1024K, 0% used [0x0000000755800000,0x0000000755800000,0x0000000755900000)
 ParOldGen       total 123392K, used 84357K [0x0000000600000000, 0x0000000607880000, 0x0000000755580000)
  object space 123392K, 68% used [0x0000000600000000,0x0000000605261568,0x0000000607880000)
 Metaspace       used 77682K, committed 79296K, reserved 1179648K
  class space    used 8034K, committed 8768K, reserved 1048576K
}
Event: 3996.508 GC heap after
{Heap after GC invocations=221 (full 4):
 PSYoungGen      total 3584K, used 464K [0x0000000755580000, 0x0000000755a00000, 0x0000000800000000)
  eden space 2560K, 0% used [0x0000000755580000,0x0000000755580000,0x0000000755800000)
  from space 1024K, 45% used [0x0000000755800000,0x0000000755874010,0x0000000755900000)
  to   space 512K, 0% used [0x0000000755980000,0x0000000755980000,0x0000000755a00000)
 ParOldGen       total 123392K, used 84701K [0x0000000600000000, 0x0000000607880000, 0x0000000755580000)
  object space 123392K, 68% used [0x0000000600000000,0x00000006052b7788,0x0000000607880000)
 Metaspace       used 77682K, committed 79296K, reserved 1179648K
  class space    used 8034K, committed 8768K, reserved 1048576K
}
Event: 3996.536 GC heap before
{Heap before GC invocations=222 (full 4):
 PSYoungGen      total 3584K, used 3024K [0x0000000755580000, 0x0000000755a00000, 0x0000000800000000)
  eden space 2560K, 100% used [0x0000000755580000,0x0000000755800000,0x0000000755800000)
  from space 1024K, 45% used [0x0000000755800000,0x0000000755874010,0x0000000755900000)
  to   space 512K, 0% used [0x0000000755980000,0x0000000755980000,0x0000000755a00000)
 ParOldGen       total 123392K, used 84701K [0x0000000600000000, 0x0000000607880000, 0x0000000755580000)
  object space 123392K, 68% used [0x0000000600000000,0x00000006052b7788,0x0000000607880000)
 Metaspace       used 77685K, committed 79296K, reserved 1179648K
  class space    used 8034K, committed 8768K, reserved 1048576K
}
Event: 3996.542 GC heap after
{Heap after GC invocations=222 (full 4):
 PSYoungGen      total 3584K, used 448K [0x0000000755580000, 0x0000000755a00000, 0x0000000800000000)
  eden space 3072K, 0% used [0x0000000755580000,0x0000000755580000,0x0000000755880000)
  from space 512K, 87% used [0x0000000755980000,0x00000007559f0000,0x0000000755a00000)
  to   space 512K, 0% used [0x0000000755900000,0x0000000755900000,0x0000000755980000)
 ParOldGen       total 123392K, used 85129K [0x0000000600000000, 0x0000000607880000, 0x0000000755580000)
  object space 123392K, 68% used [0x0000000600000000,0x0000000605322520,0x0000000607880000)
 Metaspace       used 77685K, committed 79296K, reserved 1179648K
  class space    used 8034K, committed 8768K, reserved 1048576K
}
Event: 3996.686 GC heap before
{Heap before GC invocations=223 (full 4):
 PSYoungGen      total 3584K, used 3520K [0x0000000755580000, 0x0000000755a00000, 0x0000000800000000)
  eden space 3072K, 100% used [0x0000000755580000,0x0000000755880000,0x0000000755880000)
  from space 512K, 87% used [0x0000000755980000,0x00000007559f0000,0x0000000755a00000)
  to   space 512K, 0% used [0x0000000755900000,0x0000000755900000,0x0000000755980000)
 ParOldGen       total 123392K, used 85129K [0x0000000600000000, 0x0000000607880000, 0x0000000755580000)
  object space 123392K, 68% used [0x0000000600000000,0x0000000605322520,0x0000000607880000)
 Metaspace       used 77807K, committed 79488K, reserved 1179648K
  class space    used 8060K, committed 8832K, reserved 1048576K
}
Event: 3996.713 GC heap after
{Heap after GC invocations=223 (full 4):
 PSYoungGen      total 4096K, used 320K [0x0000000755580000, 0x0000000755a80000, 0x0000000800000000)
  eden space 3584K, 0% used [0x0000000755580000,0x0000000755580000,0x0000000755900000)
  from space 512K, 62% used [0x0000000755900000,0x0000000755950000,0x0000000755980000)
  to   space 512K, 0% used [0x0000000755a00000,0x0000000755a00000,0x0000000755a80000)
 ParOldGen       total 123392K, used 85413K [0x0000000600000000, 0x0000000607880000, 0x0000000755580000)
  object space 123392K, 69% used [0x0000000600000000,0x0000000605369530,0x0000000607880000)
 Metaspace       used 77807K, committed 79488K, reserved 1179648K
  class space    used 8060K, committed 8832K, reserved 1048576K
}
Event: 3996.800 GC heap before
{Heap before GC invocations=224 (full 4):
 PSYoungGen      total 4096K, used 3904K [0x0000000755580000, 0x0000000755a80000, 0x0000000800000000)
  eden space 3584K, 100% used [0x0000000755580000,0x0000000755900000,0x0000000755900000)
  from space 512K, 62% used [0x0000000755900000,0x0000000755950000,0x0000000755980000)
  to   space 512K, 0% used [0x0000000755a00000,0x0000000755a00000,0x0000000755a80000)
 ParOldGen       total 123392K, used 85413K [0x0000000600000000, 0x0000000607880000, 0x0000000755580000)
  object space 123392K, 69% used [0x0000000600000000,0x0000000605369530,0x0000000607880000)
 Metaspace       used 77811K, committed 79488K, reserved 1179648K
  class space    used 8060K, committed 8832K, reserved 1048576K
}
Event: 3996.803 GC heap after
{Heap after GC invocations=224 (full 4):
 PSYoungGen      total 4096K, used 506K [0x0000000755580000, 0x0000000755b00000, 0x0000000800000000)
  eden space 3584K, 0% used [0x0000000755580000,0x0000000755580000,0x0000000755900000)
  from space 512K, 98% used [0x0000000755a00000,0x0000000755a7e900,0x0000000755a80000)
  to   space 1024K, 0% used [0x0000000755900000,0x0000000755900000,0x0000000755a00000)
 ParOldGen       total 123392K, used 85741K [0x0000000600000000, 0x0000000607880000, 0x0000000755580000)
  object space 123392K, 69% used [0x0000000600000000,0x00000006053bb550,0x0000000607880000)
 Metaspace       used 77811K, committed 79488K, reserved 1179648K
  class space    used 8060K, committed 8832K, reserved 1048576K
}
Event: 3996.844 GC heap before
{Heap before GC invocations=225 (full 4):
 PSYoungGen      total 4096K, used 4090K [0x0000000755580000, 0x0000000755b00000, 0x0000000800000000)
  eden space 3584K, 100% used [0x0000000755580000,0x0000000755900000,0x0000000755900000)
  from space 512K, 98% used [0x0000000755a00000,0x0000000755a7e900,0x0000000755a80000)
  to   space 1024K, 0% used [0x0000000755900000,0x0000000755900000,0x0000000755a00000)
 ParOldGen       total 123392K, used 85741K [0x0000000600000000, 0x0000000607880000, 0x0000000755580000)
  object space 123392K, 69% used [0x0000000600000000,0x00000006053bb550,0x0000000607880000)
 Metaspace       used 77811K, committed 79488K, reserved 1179648K
  class space    used 8060K, committed 8832K, reserved 1048576K
}
Event: 3996.850 GC heap after
{Heap after GC invocations=225 (full 4):
 PSYoungGen      total 4608K, used 448K [0x0000000755580000, 0x0000000755b00000, 0x0000000800000000)
  eden space 3584K, 0% used [0x0000000755580000,0x0000000755580000,0x0000000755900000)
  from space 1024K, 43% used [0x0000000755900000,0x0000000755970000,0x0000000755a00000)
  to   space 1024K, 0% used [0x0000000755a00000,0x0000000755a00000,0x0000000755b00000)
 ParOldGen       total 123392K, used 86277K [0x0000000600000000, 0x0000000607880000, 0x0000000755580000)
  object space 123392K, 69% used [0x0000000600000000,0x0000000605441770,0x0000000607880000)
 Metaspace       used 77811K, committed 79488K, reserved 1179648K
  class space    used 8060K, committed 8832K, reserved 1048576K
}
Event: 3997.642 GC heap before
{Heap before GC invocations=226 (full 4):
 PSYoungGen      total 4608K, used 4032K [0x0000000755580000, 0x0000000755b00000, 0x0000000800000000)
  eden space 3584K, 100% used [0x0000000755580000,0x0000000755900000,0x0000000755900000)
  from space 1024K, 43% used [0x0000000755900000,0x0000000755970000,0x0000000755a00000)
  to   space 1024K, 0% used [0x0000000755a00000,0x0000000755a00000,0x0000000755b00000)
 ParOldGen       total 123392K, used 86277K [0x0000000600000000, 0x0000000607880000, 0x0000000755580000)
  object space 123392K, 69% used [0x0000000600000000,0x0000000605441770,0x0000000607880000)
 Metaspace       used 77822K, committed 79488K, reserved 1179648K
  class space    used 8060K, committed 8832K, reserved 1048576K
}
Event: 3997.842 GC heap after
{Heap after GC invocations=226 (full 4):
 PSYoungGen      total 4096K, used 256K [0x0000000755580000, 0x0000000755a80000, 0x0000000800000000)
  eden space 3584K, 0% used [0x0000000755580000,0x0000000755580000,0x0000000755900000)
  from space 512K, 50% used [0x0000000755a00000,0x0000000755a40000,0x0000000755a80000)
  to   space 512K, 0% used [0x0000000755980000,0x0000000755980000,0x0000000755a00000)
 ParOldGen       total 123392K, used 86599K [0x0000000600000000, 0x0000000607880000, 0x0000000755580000)
  object space 123392K, 70% used [0x0000000600000000,0x0000000605491f50,0x0000000607880000)
 Metaspace       used 77822K, committed 79488K, reserved 1179648K
  class space    used 8060K, committed 8832K, reserved 1048576K
}

Dll operation events (20 events):
Event: 0.372 Attempting to load shared library C:\Users\suorv\.vscode\extensions\redhat.java-1.56.0-win32-x64\jre\21.0.12.1-win32-x86_64\bin\instrument.dll
Event: 0.372 Loaded shared library C:\Users\suorv\.vscode\extensions\redhat.java-1.56.0-win32-x64\jre\21.0.12.1-win32-x86_64\bin\instrument.dll
Event: 0.378 Attempting to load shared library C:\Users\suorv\.vscode\extensions\redhat.java-1.56.0-win32-x64\jre\21.0.12.1-win32-x86_64\bin\net.dll
Event: 0.386 Loaded shared library C:\Users\suorv\.vscode\extensions\redhat.java-1.56.0-win32-x64\jre\21.0.12.1-win32-x86_64\bin\net.dll
Event: 0.391 Attempting to load shared library C:\Users\suorv\.vscode\extensions\redhat.java-1.56.0-win32-x64\jre\21.0.12.1-win32-x86_64\bin\nio.dll
Event: 0.392 Loaded shared library C:\Users\suorv\.vscode\extensions\redhat.java-1.56.0-win32-x64\jre\21.0.12.1-win32-x86_64\bin\nio.dll
Event: 0.397 Attempting to load shared library C:\Users\suorv\.vscode\extensions\redhat.java-1.56.0-win32-x64\jre\21.0.12.1-win32-x86_64\bin\zip.dll
Event: 0.397 Loaded shared library C:\Users\suorv\.vscode\extensions\redhat.java-1.56.0-win32-x64\jre\21.0.12.1-win32-x86_64\bin\zip.dll
Event: 0.424 Attempting to load shared library C:\Users\suorv\.vscode\extensions\redhat.java-1.56.0-win32-x64\jre\21.0.12.1-win32-x86_64\bin\jimage.dll
Event: 0.424 Loaded shared library C:\Users\suorv\.vscode\extensions\redhat.java-1.56.0-win32-x64\jre\21.0.12.1-win32-x86_64\bin\jimage.dll
Event: 0.601 Attempting to load shared library c:\Users\suorv\.vscode\extensions\redhat.java-1.56.0-win32-x64\jre\21.0.12.1-win32-x86_64\bin\verify.dll
Event: 0.602 Loaded shared library c:\Users\suorv\.vscode\extensions\redhat.java-1.56.0-win32-x64\jre\21.0.12.1-win32-x86_64\bin\verify.dll
Event: 15.018 Attempting to load shared library C:\Users\suorv\AppData\Roaming\Code\User\globalStorage\redhat.java\1.56.0\config_win\org.eclipse.equinox.launcher\org.eclipse.equinox.launcher.win32.win32.x86_64_1.3.100.v20260804-1928\eclipse_11924.dll
Event: 15.870 Loaded shared library C:\Users\suorv\AppData\Roaming\Code\User\globalStorage\redhat.java\1.56.0\config_win\org.eclipse.equinox.launcher\org.eclipse.equinox.launcher.win32.win32.x86_64_1.3.100.v20260804-1928\eclipse_11924.dll
Event: 32.580 Attempting to load shared library C:\Users\suorv\AppData\Local\Temp\jna-109800785\jna9466293702607948743.dll
Event: 32.660 Loaded shared library C:\Users\suorv\AppData\Local\Temp\jna-109800785\jna9466293702607948743.dll
Event: 35.371 Attempting to load shared library C:\Users\suorv\.vscode\extensions\redhat.java-1.56.0-win32-x64\jre\21.0.12.1-win32-x86_64\bin\sunmscapi.dll
Event: 35.430 Loaded shared library C:\Users\suorv\.vscode\extensions\redhat.java-1.56.0-win32-x64\jre\21.0.12.1-win32-x86_64\bin\sunmscapi.dll
Event: 35.729 Attempting to load shared library C:\Users\suorv\.vscode\extensions\redhat.java-1.56.0-win32-x64\jre\21.0.12.1-win32-x86_64\bin\extnet.dll
Event: 35.790 Loaded shared library C:\Users\suorv\.vscode\extensions\redhat.java-1.56.0-win32-x64\jre\21.0.12.1-win32-x86_64\bin\extnet.dll

Deoptimization events (20 events):
Event: 3996.569 Thread 0x0000026f59b81d70 Uncommon trap: trap_request=0xffffff45 fr.pc=0x0000026f774b23a8 relative=0x0000000000000c28
Event: 3996.569 Thread 0x0000026f59b81d70 Uncommon trap: reason=unstable_if action=reinterpret pc=0x0000026f774b23a8 method=lombok.core.configuration.FileSystemSourceCache.forUri(Ljava/net/URI;)Llombok/core/configuration/ConfigurationFile; @ 1 c2
Event: 3996.569 Thread 0x0000026f59b81d70 DEOPT PACKING pc=0x0000026f774b23a8 sp=0x000000b1369fe480
Event: 3996.569 Thread 0x0000026f59b81d70 DEOPT UNPACKING pc=0x0000026f76c23aa2 sp=0x000000b1369fe440 mode 2
Event: 3996.675 Thread 0x0000026f59b81d70 Uncommon trap: trap_request=0xffffff45 fr.pc=0x0000026f779fb37c relative=0x000000000000021c
Event: 3996.675 Thread 0x0000026f59b81d70 Uncommon trap: reason=unstable_if action=reinterpret pc=0x0000026f779fb37c method=org.eclipse.jface.text.DefaultLineTracker.nextDelimiterInfo(Ljava/lang/String;I)Lorg/eclipse/jface/text/AbstractLineTracker$DelimiterInfo; @ 118 c2
Event: 3996.675 Thread 0x0000026f59b81d70 DEOPT PACKING pc=0x0000026f779fb37c sp=0x000000b1369feb30
Event: 3996.675 Thread 0x0000026f59b81d70 DEOPT UNPACKING pc=0x0000026f76c23aa2 sp=0x000000b1369feaa8 mode 2
Event: 3997.247 Thread 0x0000026f586c46d0 Uncommon trap: trap_request=0xffffff45 fr.pc=0x0000026f77d94c60 relative=0x0000000000000840
Event: 3997.247 Thread 0x0000026f586c46d0 Uncommon trap: reason=unstable_if action=reinterpret pc=0x0000026f77d94c60 method=org.eclipse.jdt.internal.core.index.DiskIndex.writeDocumentNumbers([ILjava/io/OutputStream;)V @ 127 c2
Event: 3997.247 Thread 0x0000026f586c46d0 DEOPT PACKING pc=0x0000026f77d94c60 sp=0x000000b136afea70
Event: 3997.247 Thread 0x0000026f586c46d0 DEOPT UNPACKING pc=0x0000026f76c23aa2 sp=0x000000b136afea10 mode 2
Event: 3997.628 Thread 0x0000026f586c46d0 Uncommon trap: trap_request=0xffffff45 fr.pc=0x0000026f779b692c relative=0x000000000000018c
Event: 3997.628 Thread 0x0000026f586c46d0 Uncommon trap: reason=unstable_if action=reinterpret pc=0x0000026f779b692c method=java.lang.StringCoding.implEncodeAsciiArray([CI[BII)I @ 23 c2
Event: 3997.628 Thread 0x0000026f586c46d0 DEOPT PACKING pc=0x0000026f779b692c sp=0x000000b136afe000
Event: 3997.628 Thread 0x0000026f586c46d0 DEOPT UNPACKING pc=0x0000026f76c23aa2 sp=0x000000b136afdf98 mode 2
Event: 3997.842 Thread 0x0000026f586c46d0 Uncommon trap: trap_request=0xffffffde fr.pc=0x0000026f772d640c relative=0x00000000000004ac
Event: 3997.842 Thread 0x0000026f586c46d0 Uncommon trap: reason=class_check action=maybe_recompile pc=0x0000026f772d640c method=java.util.AbstractMap.hashCode()I @ 3 c2
Event: 3997.842 Thread 0x0000026f586c46d0 DEOPT PACKING pc=0x0000026f772d640c sp=0x000000b136afe510
Event: 3997.842 Thread 0x0000026f586c46d0 DEOPT UNPACKING pc=0x0000026f76c23aa2 sp=0x000000b136afe4b8 mode 2

Classes loaded (20 events):
Event: 296.973 Loading class jdk/internal/module/IllegalAccessLogger
Event: 296.973 Loading class jdk/internal/module/IllegalAccessLogger done
Event: 318.262 Loading class java/nio/file/attribute/PosixFileAttributes
Event: 318.263 Loading class java/nio/file/attribute/PosixFileAttributes done
Event: 576.880 Loading class java/util/stream/Nodes$CollectorTask$OfRef
Event: 576.896 Loading class java/util/stream/Nodes$CollectorTask
Event: 576.922 Loading class java/util/stream/Nodes$CollectorTask done
Event: 576.922 Loading class java/util/stream/Nodes$CollectorTask$OfRef done
Event: 576.932 Loading class java/util/function/LongFunction
Event: 576.933 Loading class java/util/function/LongFunction done
Event: 576.941 Loading class java/util/stream/Nodes$ConcNode
Event: 576.946 Loading class java/util/stream/Nodes$AbstractConcNode
Event: 576.952 Loading class java/util/stream/Nodes$AbstractConcNode done
Event: 576.953 Loading class java/util/stream/Nodes$ConcNode done
Event: 3986.063 Loading class sun/nio/fs/WindowsFileCopy
Event: 3986.072 Loading class sun/nio/fs/WindowsFileCopy done
Event: 3986.212 Loading class jdk/internal/module/IllegalAccessLogger
Event: 3986.212 Loading class jdk/internal/module/IllegalAccessLogger done
Event: 3995.750 Loading class jdk/internal/module/IllegalAccessLogger
Event: 3995.750 Loading class jdk/internal/module/IllegalAccessLogger done

Classes unloaded (9 events):
Event: 33.537 Thread 0x0000026f11c30a10 Unloading class 0x0000026f131acc00 'java/lang/invoke/LambdaForm$MH+0x0000026f131acc00'
Event: 33.537 Thread 0x0000026f11c30a10 Unloading class 0x0000026f131ac800 'java/lang/invoke/LambdaForm$MH+0x0000026f131ac800'
Event: 33.537 Thread 0x0000026f11c30a10 Unloading class 0x0000026f131ac400 'java/lang/invoke/LambdaForm$MH+0x0000026f131ac400'
Event: 33.537 Thread 0x0000026f11c30a10 Unloading class 0x0000026f131ac000 'java/lang/invoke/LambdaForm$MH+0x0000026f131ac000'
Event: 33.537 Thread 0x0000026f11c30a10 Unloading class 0x0000026f131abc00 'java/lang/invoke/LambdaForm$BMH+0x0000026f131abc00'
Event: 33.537 Thread 0x0000026f11c30a10 Unloading class 0x0000026f131ab800 'java/lang/invoke/LambdaForm$DMH+0x0000026f131ab800'
Event: 33.537 Thread 0x0000026f11c30a10 Unloading class 0x0000026f131aa400 'java/lang/invoke/LambdaForm$DMH+0x0000026f131aa400'
Event: 3926.864 Thread 0x0000026f11c30a10 Unloading class 0x0000026f13780000 'java/lang/invoke/LambdaForm$DMH+0x0000026f13780000'
Event: 3926.864 Thread 0x0000026f11c30a10 Unloading class 0x0000026f1375c800 'java/lang/invoke/LambdaForm$DMH+0x0000026f1375c800'

Classes redefined (0 events):
No events

Internal exceptions (20 events):
Event: 577.132 Thread 0x0000026f5a961310 Exception <a 'sun/nio/fs/WindowsException'{0x00000007555ddf40}> (0x00000007555ddf40) 
thrown [s\src\hotspot\share\prims\jni.cpp, line 520]
Event: 577.146 Thread 0x0000026f5a961310 Implicit null exception at 0x0000026f779d62a1 to 0x0000026f779d65f8
Event: 577.268 Thread 0x0000026f5a961310 Exception <a 'java/lang/NoSuchMethodError'{0x000000075565b520}: static [J.<clinit>()V> (0x000000075565b520) 
thrown [s\src\hotspot\share\prims\jni.cpp, line 1111]
Event: 1855.931 Thread 0x0000026f5a95ebb0 Exception <a 'java/lang/IncompatibleClassChangeError'{0x00000007556e7b68}: Found class java.lang.Object, but interface was expected> (0x00000007556e7b68) 
thrown [s\src\hotspot\share\interpreter\linkResolver.cpp, line 840]
Event: 3905.109 Thread 0x0000026f59b83120 Exception <a 'java/lang/ArrayIndexOutOfBoundsException'{0x0000000755710a40}> (0x0000000755710a40) 
thrown [s\src\hotspot\share\runtime\sharedRuntime.cpp, line 625]
Event: 3986.037 Thread 0x0000026f586c46d0 Exception <a 'sun/nio/fs/WindowsException'{0x00000007556f85b8}> (0x00000007556f85b8) 
thrown [s\src\hotspot\share\prims\jni.cpp, line 520]
Event: 3986.074 Thread 0x0000026f586c46d0 Exception <a 'sun/nio/fs/WindowsException'{0x00000007557de1b8}> (0x00000007557de1b8) 
thrown [s\src\hotspot\share\prims\jni.cpp, line 520]
Event: 3986.323 Thread 0x0000026f586c46d0 Exception <a 'sun/nio/fs/WindowsException'{0x00000007555a43c0}> (0x00000007555a43c0) 
thrown [s\src\hotspot\share\prims\jni.cpp, line 520]
Event: 3986.342 Thread 0x0000026f586c46d0 Implicit null exception at 0x0000026f77297b69 to 0x0000026f772982c8
Event: 3987.673 Thread 0x0000026f59b844d0 Exception <a 'java/lang/ArrayIndexOutOfBoundsException'{0x00000007556e2e38}> (0x00000007556e2e38) 
thrown [s\src\hotspot\share\runtime\sharedRuntime.cpp, line 625]
Event: 3995.271 Thread 0x0000026f5a95ebb0 Exception <a 'java/lang/IncompatibleClassChangeError'{0x0000000755664a88}: Found class java.lang.Object, but interface was expected> (0x0000000755664a88) 
thrown [s\src\hotspot\share\interpreter\linkResolver.cpp, line 840]
Event: 3995.271 Thread 0x0000026f5a95ebb0 Exception <a 'java/lang/IncompatibleClassChangeError'{0x0000000755668e08}: Found class java.lang.Object, but interface was expected> (0x0000000755668e08) 
thrown [s\src\hotspot\share\interpreter\linkResolver.cpp, line 840]
Event: 3995.409 Thread 0x0000026f586c46d0 Exception <a 'sun/nio/fs/WindowsException'{0x000000075562d6e0}> (0x000000075562d6e0) 
thrown [s\src\hotspot\share\prims\jni.cpp, line 520]
Event: 3995.586 Thread 0x0000026f586c46d0 Exception <a 'sun/nio/fs/WindowsException'{0x0000000755586f30}> (0x0000000755586f30) 
thrown [s\src\hotspot\share\prims\jni.cpp, line 520]
Event: 3995.603 Thread 0x0000026f5a95ebb0 Exception <a 'java/lang/IncompatibleClassChangeError'{0x00000007555b9508}: Found class java.lang.Object, but interface was expected> (0x00000007555b9508) 
thrown [s\src\hotspot\share\interpreter\linkResolver.cpp, line 840]
Event: 3996.446 Thread 0x0000026f59b81d70 Implicit null exception at 0x0000026f777a7d5a to 0x0000026f777a7db7
Event: 3997.591 Thread 0x0000026f586c46d0 Exception <a 'sun/nio/fs/WindowsException'{0x00000007558eb6f0}> (0x00000007558eb6f0) 
thrown [s\src\hotspot\share\prims\jni.cpp, line 520]
Event: 3997.592 Thread 0x0000026f586c46d0 Exception <a 'sun/nio/fs/WindowsException'{0x00000007558eb9e8}> (0x00000007558eb9e8) 
thrown [s\src\hotspot\share\prims\jni.cpp, line 520]
Event: 3997.606 Thread 0x0000026f586c46d0 Exception <a 'sun/nio/fs/WindowsException'{0x00000007558ec130}> (0x00000007558ec130) 
thrown [s\src\hotspot\share\prims\jni.cpp, line 520]
Event: 3997.608 Thread 0x0000026f586c46d0 Exception <a 'sun/nio/fs/WindowsException'{0x00000007558ec428}> (0x00000007558ec428) 
thrown [s\src\hotspot\share\prims\jni.cpp, line 520]

ZGC Phase Switch (0 events):
No events

VM Operations (20 events):
Event: 3996.228 Executing safepoint VM operation: ParallelGCFailedAllocation (Allocation Failure) done
Event: 3996.255 Executing safepoint VM operation: ParallelGCFailedAllocation (Allocation Failure)
Event: 3996.264 Executing safepoint VM operation: ParallelGCFailedAllocation (Allocation Failure) done
Event: 3996.408 Executing safepoint VM operation: ParallelGCFailedAllocation (Allocation Failure)
Event: 3996.421 Executing safepoint VM operation: ParallelGCFailedAllocation (Allocation Failure) done
Event: 3996.450 Executing non-safepoint VM operation: HandshakeAllThreads (Deoptimize)
Event: 3996.450 Executing non-safepoint VM operation: HandshakeAllThreads (Deoptimize) done
Event: 3996.453 Executing safepoint VM operation: ParallelGCFailedAllocation (Allocation Failure)
Event: 3996.508 Executing safepoint VM operation: ParallelGCFailedAllocation (Allocation Failure) done
Event: 3996.533 Executing safepoint VM operation: ParallelGCFailedAllocation (Allocation Failure)
Event: 3996.542 Executing safepoint VM operation: ParallelGCFailedAllocation (Allocation Failure) done
Event: 3996.686 Executing safepoint VM operation: ParallelGCFailedAllocation (Allocation Failure)
Event: 3996.713 Executing safepoint VM operation: ParallelGCFailedAllocation (Allocation Failure) done
Event: 3996.800 Executing safepoint VM operation: ParallelGCFailedAllocation (Allocation Failure)
Event: 3996.803 Executing safepoint VM operation: ParallelGCFailedAllocation (Allocation Failure) done
Event: 3996.844 Executing safepoint VM operation: ParallelGCFailedAllocation (Allocation Failure)
Event: 3996.850 Executing safepoint VM operation: ParallelGCFailedAllocation (Allocation Failure) done
Event: 3997.642 Executing safepoint VM operation: ParallelGCFailedAllocation (Allocation Failure)
Event: 3997.842 Executing safepoint VM operation: ParallelGCFailedAllocation (Allocation Failure) done
Event: 3999.861 Executing safepoint VM operation: Cleanup

Memory protections (0 events):
No events

Nmethod flushes (20 events):
Event: 3927.726 Thread 0x0000026f11c30a10 flushing  nmethod 0x0000026f705bb910
Event: 3927.726 Thread 0x0000026f11c30a10 flushing  nmethod 0x0000026f705bc490
Event: 3927.726 Thread 0x0000026f11c30a10 flushing  nmethod 0x0000026f705bd590
Event: 3927.727 Thread 0x0000026f11c30a10 flushing  nmethod 0x0000026f705bea90
Event: 3927.727 Thread 0x0000026f11c30a10 flushing  nmethod 0x0000026f705cb410
Event: 3927.727 Thread 0x0000026f11c30a10 flushing  nmethod 0x0000026f705cb810
Event: 3927.727 Thread 0x0000026f11c30a10 flushing  nmethod 0x0000026f705cbc10
Event: 3927.728 Thread 0x0000026f11c30a10 flushing  nmethod 0x0000026f705cca90
Event: 3927.728 Thread 0x0000026f11c30a10 flushing  nmethod 0x0000026f705cfd10
Event: 3927.728 Thread 0x0000026f11c30a10 flushing  nmethod 0x0000026f705d9310
Event: 3927.728 Thread 0x0000026f11c30a10 flushing  nmethod 0x0000026f705db710
Event: 3927.728 Thread 0x0000026f11c30a10 flushing  nmethod 0x0000026f705dc710
Event: 3927.728 Thread 0x0000026f11c30a10 flushing  nmethod 0x0000026f705dd590
Event: 3927.728 Thread 0x0000026f11c30a10 flushing  nmethod 0x0000026f705dfa90
Event: 3927.728 Thread 0x0000026f11c30a10 flushing  nmethod 0x0000026f705dff10
Event: 3927.728 Thread 0x0000026f11c30a10 flushing  nmethod 0x0000026f705e6e90
Event: 3927.728 Thread 0x0000026f11c30a10 flushing  nmethod 0x0000026f7061c290
Event: 3927.728 Thread 0x0000026f11c30a10 flushing  nmethod 0x0000026f7061fc90
Event: 3927.728 Thread 0x0000026f11c30a10 flushing  nmethod 0x0000026f70686990
Event: 3927.728 Thread 0x0000026f11c30a10 flushing  nmethod 0x0000026f706d3210

Events (20 events):
Event: 3906.106 Thread 0x0000026f11c6fcf0 Thread added: 0x0000026f5bda6510
Event: 3907.121 Thread 0x0000026f5bda6510 Thread exited: 0x0000026f5bda6510
Event: 3907.168 Thread 0x0000026f11c6fcf0 Thread added: 0x0000026f5bda5e40
Event: 3913.331 Thread 0x0000026f5bda5e40 Thread exited: 0x0000026f5bda5e40
Event: 3928.189 Thread 0x0000026f5a95ebb0 Thread added: 0x0000026f59b82400
Event: 3928.205 Thread 0x0000026f11c6fcf0 Thread added: 0x0000026f5bda6510
Event: 3929.385 Thread 0x0000026f5bda6510 Thread exited: 0x0000026f5bda6510
Event: 3985.893 Thread 0x0000026f5a961310 Thread added: 0x0000026f59b83e40
Event: 3985.939 Thread 0x0000026f11c6fcf0 Thread added: 0x0000026f5bda6be0
Event: 3985.943 Thread 0x0000026f586c4040 Thread added: 0x0000026f59b81050
Event: 3986.213 Thread 0x0000026f586c4040 Thread added: 0x0000026f59b816e0
Event: 3986.778 Thread 0x0000026f5bda6be0 Thread exited: 0x0000026f5bda6be0
Event: 3995.492 Thread 0x0000026f5a961310 Thread added: 0x0000026f59b88670
Event: 3995.751 Thread 0x0000026f11c3daa0 Thread added: 0x0000026f5bda5e40
Event: 3996.017 Thread 0x0000026f5bda5e40 Thread exited: 0x0000026f5bda5e40
Event: 3996.202 Thread 0x0000026f11c6fcf0 Thread added: 0x0000026f5bda6be0
Event: 3996.713 Thread 0x0000026f5bda6be0 Thread exited: 0x0000026f5bda6be0
Event: 3996.830 Thread 0x0000026f11c6fcf0 Thread added: 0x0000026f5bda8df0
Event: 3997.184 Thread 0x0000026f5bda8df0 Thread exited: 0x0000026f5bda8df0
Event: 3997.186 Thread 0x0000026f59b83e40 Thread added: 0x0000026f59b87fe0


Dynamic libraries:
0x00007ff6c9ad0000 - 0x00007ff6c9ade000 	c:\Users\suorv\.vscode\extensions\redhat.java-1.56.0-win32-x64\jre\21.0.12.1-win32-x86_64\bin\java.exe
0x00007ff803b00000 - 0x00007ff803d67000 	C:\WINDOWS\SYSTEM32\ntdll.dll
0x00007ff802de0000 - 0x00007ff802eab000 	C:\WINDOWS\System32\KERNEL32.DLL
0x00007ff801380000 - 0x00007ff801781000 	C:\WINDOWS\System32\KERNELBASE.dll
0x00007ff801160000 - 0x00007ff8012ac000 	C:\WINDOWS\System32\ucrtbase.dll
0x00007ffffb340000 - 0x00007ffffb358000 	c:\Users\suorv\.vscode\extensions\redhat.java-1.56.0-win32-x64\jre\21.0.12.1-win32-x86_64\bin\jli.dll
0x00007ff801cb0000 - 0x00007ff801e87000 	C:\WINDOWS\System32\USER32.dll
0x00007ff800e90000 - 0x00007ff800eb7000 	C:\WINDOWS\System32\win32u.dll
0x00007ff8033f0000 - 0x00007ff80341b000 	C:\WINDOWS\System32\GDI32.dll
0x00007ff800ec0000 - 0x00007ff800fe8000 	C:\WINDOWS\System32\gdi32full.dll
0x00007ff8010b0000 - 0x00007ff801153000 	C:\WINDOWS\System32\msvcp_win.dll
0x00007ffff3390000 - 0x00007ffff33ae000 	c:\Users\suorv\.vscode\extensions\redhat.java-1.56.0-win32-x64\jre\21.0.12.1-win32-x86_64\bin\VCRUNTIME140.dll
0x00007fffef1d0000 - 0x00007fffef460000 	C:\WINDOWS\WinSxS\amd64_microsoft.windows.common-controls_6595b64144ccf1df_6.0.26100.9549_none_3e0a0396e3330090\COMCTL32.dll
0x00007ff802570000 - 0x00007ff802619000 	C:\WINDOWS\System32\msvcrt.dll
0x00007ff802200000 - 0x00007ff802231000 	C:\WINDOWS\System32\IMM32.DLL
0x00007ffffb4a0000 - 0x00007ffffb4ac000 	c:\Users\suorv\.vscode\extensions\redhat.java-1.56.0-win32-x64\jre\21.0.12.1-win32-x86_64\bin\vcruntime140_1.dll
0x00007fffa55a0000 - 0x00007fffa562d000 	c:\Users\suorv\.vscode\extensions\redhat.java-1.56.0-win32-x64\jre\21.0.12.1-win32-x86_64\bin\msvcp140.dll
0x00007fff91260000 - 0x00007fff92002000 	c:\Users\suorv\.vscode\extensions\redhat.java-1.56.0-win32-x64\jre\21.0.12.1-win32-x86_64\bin\server\jvm.dll
0x00007ff8036c0000 - 0x00007ff80377b000 	C:\WINDOWS\System32\ADVAPI32.dll
0x00007ff802050000 - 0x00007ff8020f8000 	C:\WINDOWS\System32\sechost.dll
0x00007ff8039a0000 - 0x00007ff803ab8000 	C:\WINDOWS\System32\RPCRT4.dll
0x00007ff803780000 - 0x00007ff803801000 	C:\WINDOWS\System32\WS2_32.dll
0x00007ff800990000 - 0x00007ff8009ee000 	C:\WINDOWS\SYSTEM32\POWRPROF.dll
0x00007ffff66e0000 - 0x00007ffff6717000 	C:\WINDOWS\SYSTEM32\WINMM.dll
0x00007ffff6720000 - 0x00007ffff672b000 	C:\WINDOWS\SYSTEM32\VERSION.dll
0x00007ff800970000 - 0x00007ff800985000 	C:\WINDOWS\SYSTEM32\UMPDC.dll
0x00007fffff980000 - 0x00007fffff99b000 	C:\WINDOWS\SYSTEM32\kernel.appcore.dll
0x00007ffff8d20000 - 0x00007ffff8d2a000 	c:\Users\suorv\.vscode\extensions\redhat.java-1.56.0-win32-x64\jre\21.0.12.1-win32-x86_64\bin\jimage.dll
0x00007ffff7a50000 - 0x00007ffff7c9c000 	C:\WINDOWS\SYSTEM32\DBGHELP.DLL
0x00007ff802ff0000 - 0x00007ff80337a000 	C:\WINDOWS\System32\combase.dll
0x00007ff803590000 - 0x00007ff803669000 	C:\WINDOWS\System32\OLEAUT32.dll
0x00007fffe15a0000 - 0x00007fffe15db000 	C:\WINDOWS\SYSTEM32\dbgcore.DLL
0x00007ff800ff0000 - 0x00007ff80109c000 	C:\WINDOWS\System32\bcryptPrimitives.dll
0x00007ffff8aa0000 - 0x00007ffff8aaf000 	c:\Users\suorv\.vscode\extensions\redhat.java-1.56.0-win32-x64\jre\21.0.12.1-win32-x86_64\bin\instrument.dll
0x00007ffff06d0000 - 0x00007ffff06f0000 	c:\Users\suorv\.vscode\extensions\redhat.java-1.56.0-win32-x64\jre\21.0.12.1-win32-x86_64\bin\java.dll
0x00007ff802620000 - 0x00007ff802dbc000 	C:\WINDOWS\System32\SHELL32.dll
0x00007ffffe750000 - 0x00007ffffeffd000 	C:\WINDOWS\SYSTEM32\windows.storage.dll
0x00007ff803810000 - 0x00007ff803909000 	C:\WINDOWS\System32\SHCORE.dll
0x00007ff803380000 - 0x00007ff8033e6000 	C:\WINDOWS\System32\shlwapi.dll
0x00007ff800c10000 - 0x00007ff800c39000 	C:\WINDOWS\SYSTEM32\profapi.dll
0x00007fffe9720000 - 0x00007fffe9738000 	c:\Users\suorv\.vscode\extensions\redhat.java-1.56.0-win32-x64\jre\21.0.12.1-win32-x86_64\bin\zip.dll
0x00007ffff3300000 - 0x00007ffff3310000 	C:\Users\suorv\.vscode\extensions\redhat.java-1.56.0-win32-x64\jre\21.0.12.1-win32-x86_64\bin\net.dll
0x00007ffff9ea0000 - 0x00007ffff9fca000 	C:\WINDOWS\SYSTEM32\WINHTTP.dll
0x00007ffffff40000 - 0x00007ffffffac000 	C:\WINDOWS\system32\mswsock.dll
0x00007fffe96d0000 - 0x00007fffe96e6000 	C:\Users\suorv\.vscode\extensions\redhat.java-1.56.0-win32-x64\jre\21.0.12.1-win32-x86_64\bin\nio.dll
0x00007ffff32b0000 - 0x00007ffff32c0000 	c:\Users\suorv\.vscode\extensions\redhat.java-1.56.0-win32-x64\jre\21.0.12.1-win32-x86_64\bin\verify.dll
0x00007fffbe580000 - 0x00007fffbe5c5000 	C:\Users\suorv\AppData\Roaming\Code\User\globalStorage\redhat.java\1.56.0\config_win\org.eclipse.equinox.launcher\org.eclipse.equinox.launcher.win32.win32.x86_64_1.3.100.v20260804-1928\eclipse_11924.dll
0x00007ff801e90000 - 0x00007ff80202a000 	C:\WINDOWS\System32\ole32.dll
0x00007ff800270000 - 0x00007ff80028b000 	C:\WINDOWS\SYSTEM32\CRYPTSP.dll
0x00007fffff8e0000 - 0x00007fffff919000 	C:\WINDOWS\system32\rsaenh.dll
0x00007ff800010000 - 0x00007ff800044000 	C:\WINDOWS\SYSTEM32\USERENV.dll
0x00007ff800be0000 - 0x00007ff800c0a000 	C:\WINDOWS\SYSTEM32\bcrypt.dll
0x00007ff800250000 - 0x00007ff80025c000 	C:\WINDOWS\SYSTEM32\CRYPTBASE.dll
0x00007fffff3b0000 - 0x00007fffff3e3000 	C:\WINDOWS\SYSTEM32\IPHLPAPI.DLL
0x00007ff802ec0000 - 0x00007ff802eca000 	C:\WINDOWS\System32\NSI.dll
0x00007fffaaab0000 - 0x00007fffaaaf9000 	C:\Users\suorv\AppData\Local\Temp\jna-109800785\jna9466293702607948743.dll
0x00007ff802fe0000 - 0x00007ff802fe8000 	C:\WINDOWS\System32\PSAPI.DLL
0x00007ffffb0b0000 - 0x00007ffffb0ce000 	C:\WINDOWS\SYSTEM32\dhcpcsvc6.DLL
0x00007ffffaab0000 - 0x00007ffffaad5000 	C:\WINDOWS\SYSTEM32\dhcpcsvc.DLL
0x00007ffff2830000 - 0x00007ffff283e000 	C:\Users\suorv\.vscode\extensions\redhat.java-1.56.0-win32-x64\jre\21.0.12.1-win32-x86_64\bin\sunmscapi.dll
0x00007ff800d00000 - 0x00007ff800e7f000 	C:\WINDOWS\System32\CRYPT32.dll
0x00007ff8004b0000 - 0x00007ff8004e0000 	C:\WINDOWS\SYSTEM32\ncrypt.dll
0x00007ff800460000 - 0x00007ff80049f000 	C:\WINDOWS\SYSTEM32\NTASN1.dll
0x00007fffff450000 - 0x00007fffff5a8000 	C:\WINDOWS\SYSTEM32\DNSAPI.dll
0x00007fffffd40000 - 0x00007fffffd4d000 	C:\WINDOWS\SYSTEM32\DSPARSE.dll
0x00007ffff9370000 - 0x00007ffff937b000 	C:\Windows\System32\rasadhlp.dll
0x00007ffffbbe0000 - 0x00007ffffbc66000 	C:\WINDOWS\System32\fwpuclnt.dll
0x00007ffff2820000 - 0x00007ffff2829000 	C:\Users\suorv\.vscode\extensions\redhat.java-1.56.0-win32-x64\jre\21.0.12.1-win32-x86_64\bin\extnet.dll

JVMTI agents:
c:\Users\suorv\.vscode\extensions\redhat.java-1.56.0-win32-x64\lombok\lombok-1.18.39-4050.jar path:c:\Users\suorv\.vscode\extensions\redhat.java-1.56.0-win32-x64\jre\21.0.12.1-win32-x86_64\bin\instrument.dll, loaded, initialized, instrumentlib options:none

dbghelp: loaded successfully - version: 4.0.5 - missing functions: none
symbol engine: initialized successfully - sym options: 0x614 - pdb path: .;c:\Users\suorv\.vscode\extensions\redhat.java-1.56.0-win32-x64\jre\21.0.12.1-win32-x86_64\bin;C:\WINDOWS\SYSTEM32;C:\WINDOWS\WinSxS\amd64_microsoft.windows.common-controls_6595b64144ccf1df_6.0.26100.9549_none_3e0a0396e3330090;c:\Users\suorv\.vscode\extensions\redhat.java-1.56.0-win32-x64\jre\21.0.12.1-win32-x86_64\bin\server;C:\Users\suorv\AppData\Roaming\Code\User\globalStorage\redhat.java\1.56.0\config_win\org.eclipse.equinox.launcher\org.eclipse.equinox.launcher.win32.win32.x86_64_1.3.100.v20260804-1928;C:\Users\suorv\AppData\Local\Temp\jna-109800785

VM Arguments:
jvm_args: --add-modules=ALL-SYSTEM --add-opens=java.base/java.util=ALL-UNNAMED --add-opens=java.base/java.lang=ALL-UNNAMED --add-opens=java.base/sun.nio.fs=ALL-UNNAMED -Declipse.application=org.eclipse.jdt.ls.core.id1 -Dosgi.bundles.defaultStartLevel=4 -Declipse.product=org.eclipse.jdt.ls.core.product -Djava.import.generatesMetadataFilesAtProjectRoot=false -Dm2e.project.cache.size=50 -DDetectVMInstallationsJob.disabled=true -Dfile.encoding=utf8 -XX:+UseParallelGC -XX:GCTimeRatio=4 -XX:AdaptiveSizePolicyWeight=90 -Dsun.zip.disableMemoryMapping=true -Xmx8G -Xms100m -Xlog:disable -javaagent:c:\Users\suorv\.vscode\extensions\redhat.java-1.56.0-win32-x64\lombok\lombok-1.18.39-4050.jar -XX:+HeapDumpOnOutOfMemoryError -XX:HeapDumpPath=c:\Users\suorv\AppData\Roaming\Code\User\workspaceStorage\7a0fde8afa5fdd51c9f34c417e899327\redhat.java -Daether.dependencyCollector.impl=bf 
java_command: c:\Users\suorv\.vscode\extensions\redhat.java-1.56.0-win32-x64\server\plugins\org.eclipse.equinox.launcher_1.8.0.v20260804-1928.jar -configuration c:\Users\suorv\AppData\Roaming\Code\User\globalStorage\redhat.java\1.56.0\config_win -data c:\Users\suorv\AppData\Roaming\Code\User\workspaceStorage\7a0fde8afa5fdd51c9f34c417e899327\redhat.java\jdt_ws --pipe=\\.\pipe\lsp-8785697d993bc10995d1588538c53699-sock
java_class_path (initial): c:\Users\suorv\.vscode\extensions\redhat.java-1.56.0-win32-x64\server\plugins\org.eclipse.equinox.launcher_1.8.0.v20260804-1928.jar
Launcher Type: SUN_STANDARD

[Global flags]
    uintx AdaptiveSizePolicyWeight                 = 90                                        {product} {command line}
     intx CICompilerCount                          = 3                                         {product} {ergonomic}
    uintx GCTimeRatio                              = 4                                         {product} {command line}
     bool HeapDumpOnOutOfMemoryError               = true                                   {manageable} {command line}
    ccstr HeapDumpPath                             = c:\Users\suorv\AppData\Roaming\Code\User\workspaceStorage\7a0fde8afa5fdd51c9f34c417e899327\redhat.java         {manageable} {command line}
   size_t InitialHeapSize                          = 104857600                                 {product} {command line}
   size_t MaxHeapSize                              = 8589934592                                {product} {command line}
   size_t MaxNewSize                               = 2863136768                                {product} {ergonomic}
   size_t MinHeapDeltaBytes                        = 524288                                    {product} {ergonomic}
   size_t MinHeapSize                              = 104857600                                 {product} {command line}
   size_t NewSize                                  = 34603008                                  {product} {ergonomic}
    uintx NonNMethodCodeHeapSize                   = 5832780                                {pd product} {ergonomic}
    uintx NonProfiledCodeHeapSize                  = 122912730                              {pd product} {ergonomic}
   size_t OldSize                                  = 70254592                                  {product} {ergonomic}
    uintx ProfiledCodeHeapSize                     = 122912730                              {pd product} {ergonomic}
    uintx ReservedCodeCacheSize                    = 251658240                              {pd product} {ergonomic}
     bool SegmentedCodeCache                       = true                                      {product} {ergonomic}
   size_t SoftMaxHeapSize                          = 8589934592                             {manageable} {ergonomic}
     bool UseCompressedOops                        = true                           {product lp64_product} {ergonomic}
     bool UseLargePagesIndividualAllocation        = false                                  {pd product} {ergonomic}
     bool UseParallelGC                            = true                                      {product} {command line}

Logging:
Log output configuration:
 #0: stdout all=off uptime,level,tags foldmultilines=false
 #1: stderr all=off uptime,level,tags foldmultilines=false

Release file:
JAVA_VERSION="21.0.12.1" 
MODULES="java.base java.compiler java.datatransfer java.xml java.prefs java.desktop java.instrument java.logging java.management java.security.sasl java.naming java.rmi java.management.rmi java.net.http java.scripting java.security.jgss java.transaction.xa java.sql java.sql.rowset java.xml.crypto java.se java.smartcardio jdk.accessibility jdk.internal.jvmstat jdk.attach jdk.charsets jdk.internal.opt jdk.zipfs jdk.compiler jdk.crypto.ec jdk.crypto.cryptoki jdk.crypto.mscapi jdk.dynalink jdk.internal.ed jdk.editpad jdk.hotspot.agent jdk.httpserver jdk.internal.le jdk.internal.vm.ci jdk.internal.vm.compiler jdk.internal.vm.compiler.management jdk.jartool jdk.javadoc jdk.jcmd jdk.management jdk.management.agent jdk.jconsole jdk.jdeps jdk.jdwp.agent jdk.jdi jdk.jfr jdk.jshell jdk.jsobject jdk.jstatd jdk.localedata jdk.management.jfr jdk.naming.dns jdk.naming.rmi jdk.net jdk.nio.mapmode jdk.random jdk.sctp jdk.security.auth jdk.security.jgss jdk.unsupported jdk.unsupported.desktop jdk.xml.dom" 

Environment Variables:
JAVA_HOME=C:\Program Files\Eclipse Adoptium\jdk-17.0.17.10-hotspot\
PATH=C:\Program Files\Eclipse Adoptium\jdk-17.0.17.10-hotspot\bin;C:\app\suorv\product\21c\dbhomeXE\bin;C:\Program Files\Common Files\Oracle\Java\javapath;C:\WINDOWS\system32;C:\WINDOWS;C:\WINDOWS\System32\Wbem;C:\WINDOWS\System32\WindowsPowerShell\v1.0\;C:\WINDOWS\System32\OpenSSH\;C:\WINDOWS\system32;C:\WINDOWS;C:\WINDOWS\System32\Wbem;C:\WINDOWS\System32\WindowsPowerShell\v1.0\;C:\WINDOWS\System32\OpenSSH\;C:\Program Files\Git\cmd;C:\sampctl;C:\Program Files\Cloudflare\Cloudflare WARP\;C:\Users\suorv\AppData\Local\Programs\Python\Python312\Scripts\;C:\Users\suorv\AppData\Local\Programs\Python\Python312\;C:\Users\suorv\AppData\Local\Microsoft\WindowsApps;;C:\Users\suorv\AppData\Local\Programs\Microsoft VS Code\bin;C:\Program Files\JetBrains\PyCharm 2024.2.1\bin;;C:\Users\suorv\AppData\Local\PowerToys\DSCModules\
USERNAME=suorv
OS=Windows_NT
PROCESSOR_IDENTIFIER=AMD64 Family 23 Model 96 Stepping 1, AuthenticAMD
TMP=C:\Users\suorv\AppData\Local\Temp
TEMP=C:\Users\suorv\AppData\Local\Temp




Periodic native trim disabled

---------------  S Y S T E M  ---------------

OS:
 Windows 11 , 64 bit Build 26100 (10.0.26100.9549)
OS uptime: 10 days 7:50 hours

CPU: total 6 (initial active 6) (6 cores per cpu, 1 threads per core) family 23 model 96 stepping 1 microcode 0x8600106, cx8, cmov, fxsr, mmx, 3dnowpref, sse, sse2, sse3, ssse3, sse4a, sse4.1, sse4.2, popcnt, lzcnt, tsc, tscinvbit, avx, avx2, aes, clmul, bmi1, bmi2, adx, sha, fma, vzeroupper, clflush, clflushopt, rdtscp, rdpid, f16c
Processor Information for the first 6 processors :
  Max Mhz: 2375, Current Mhz: 2375, Mhz Limit: 2375

Memory: 4k page, system-wide physical 7541M (753M free)
TotalPageFile size 24685M (AvailPageFile size 150M)
current process WorkingSet (physical memory assigned to process): 283M, peak: 334M
current process commit charge ("private bytes"): 6016M, peak: 6027M

vm_info: OpenJDK 64-Bit Server VM (21.0.12.1+1-LTS) for windows-amd64 JRE (21.0.12.1+1-LTS), built on 2026-08-18T00:00:00Z by "admin" with MS VC++ 17.12 (VS2022)

END.
